date,total_sales,dcoilwtico,transactions,day_of_week,year
2013-01-02,757.0,93.14,93215.0,Wednesday,2013
2013-01-03,534.0,92.97,78504.0,Thursday,2013
2013-01-04,673.0,93.12,78494.0,Friday,2013
2013-01-05,898.0,93.12,93573.0,Saturday,2013
2013-01-06,975.0,93.12,90464.0,Sunday,2013
2013-01-07,451.0,93.2,75597.0,Monday,2013
2013-01-08,500.0,93.21,72325.0,Tuesday,2013
2013-01-09,799.0,93.08,71971.0,Wednesday,2013
2013-01-10,645.0,93.81,66383.0,Thursday,2013
2013-01-11,506.0,93.6,70338.0,Friday,2013
2013-01-12,796.0,93.6,85511.0,Saturday,2013
2013-01-13,834.0,93.6,86306.0,Sunday,2013
2013-01-14,639.0,94.27,70078.0,Monday,2013
2013-01-15,724.0,93.26,71134.0,Tuesday,2013
2013-01-16,803.0,94.28,72471.0,Wednesday,2013
2013-01-17,495.0,95.49,68873.0,Thursday,2013
2013-01-18,681.0,95.61,71371.0,Friday,2013
2013-01-19,990.0,95.61,88558.0,Saturday,2013
2013-01-20,690.0,95.61,85281.0,Sunday,2013
2013-01-21,489.0,95.61,73250.0,Monday,2013
2013-01-22,454.0,96.09,68988.0,Tuesday,2013
2013-01-23,951.0,95.06,69819.0,Wednesday,2013
2013-01-24,604.0,95.35,63705.0,Thursday,2013
2013-01-25,547.0,95.15,71273.0,Friday,2013
2013-01-26,792.0,95.15,88022.0,Saturday,2013
2013-01-27,720.0,95.15,83304.0,Sunday,2013
2013-01-28,570.0,95.95,70389.0,Monday,2013
2013-01-29,550.0,97.62,68435.0,Tuesday,2013
2013-01-30,680.0,97.98,70888.0,Wednesday,2013
2013-01-31,436.0,97.65,70268.0,Thursday,2013
2013-02-01,824.0,97.46,78302.0,Friday,2013
2013-02-02,950.0,97.46,97347.0,Saturday,2013
2013-02-03,1032.0,97.46,87026.0,Sunday,2013
2013-02-04,847.0,96.21,75330.0,Monday,2013
2013-02-05,625.0,96.68,76206.0,Tuesday,2013
2013-02-06,653.0,96.44,75291.0,Wednesday,2013
2013-02-07,749.0,95.84,72789.0,Thursday,2013
2013-02-08,745.0,95.71,79726.0,Friday,2013
2013-02-09,770.0,95.71,90342.0,Saturday,2013
2013-02-10,579.0,95.71,69963.0,Sunday,2013
2013-02-11,695.0,97.01,67222.0,Monday,2013
2013-02-12,558.0,97.48,71808.0,Tuesday,2013
2013-02-13,953.0,97.03,80098.0,Wednesday,2013
2013-02-14,708.0,97.3,88681.0,Thursday,2013
2013-02-15,727.0,95.95,75789.0,Friday,2013
2013-02-16,804.0,95.95,92816.0,Saturday,2013
2013-02-17,768.0,95.95,77449.0,Sunday,2013
2013-02-18,711.0,95.95,76437.0,Monday,2013
2013-02-19,518.0,96.69,70645.0,Tuesday,2013
2013-02-20,893.0,94.92,73812.0,Wednesday,2013
2013-02-21,601.0,92.79,68246.0,Thursday,2013
2013-02-22,332.0,93.12,70914.0,Friday,2013
2013-02-23,1061.0,93.12,88390.0,Saturday,2013
2013-02-24,924.0,93.12,84125.0,Sunday,2013
2013-02-25,670.0,92.74,72167.0,Monday,2013
2013-02-26,646.0,92.63,68706.0,Tuesday,2013
2013-02-27,688.0,92.84,70170.0,Wednesday,2013
2013-02-28,631.0,92.03,69818.0,Thursday,2013
2013-03-01,931.0,90.71,79524.0,Friday,2013
2013-03-02,746.0,90.71,98616.0,Saturday,2013
2013-03-03,782.0,90.71,92716.0,Sunday,2013
2013-03-04,743.0,90.13,79078.0,Monday,2013
2013-03-05,608.0,90.88,75134.0,Tuesday,2013
2013-03-06,852.0,90.47,76519.0,Wednesday,2013
2013-03-07,658.0,91.53,73910.0,Thursday,2013
2013-03-08,771.0,92.01,78231.0,Friday,2013
2013-03-09,804.0,92.01,92462.0,Saturday,2013
2013-03-10,798.0,92.01,86322.0,Sunday,2013
2013-03-11,606.0,92.07,75161.0,Monday,2013
2013-03-12,526.0,92.44,69346.0,Tuesday,2013
2013-03-13,702.0,92.47,72010.0,Wednesday,2013
2013-03-14,646.0,93.03,67393.0,Thursday,2013
2013-03-15,790.0,93.49,75533.0,Friday,2013
2013-03-16,936.0,93.49,91900.0,Saturday,2013
2013-03-17,816.0,93.49,89346.0,Sunday,2013
2013-03-18,578.0,93.71,74418.0,Monday,2013
2013-03-19,600.0,92.44,71841.0,Tuesday,2013
2013-03-20,792.0,93.21,74145.0,Wednesday,2013
2013-03-21,523.0,92.46,69157.0,Thursday,2013
2013-03-22,665.0,93.41,71990.0,Friday,2013
2013-03-23,912.0,93.41,91923.0,Saturday,2013
2013-03-24,788.0,93.41,83439.0,Sunday,2013
2013-03-25,646.0,94.55,72992.0,Monday,2013
2013-03-26,563.0,95.99,68469.0,Tuesday,2013
2013-03-27,577.0,96.53,74049.0,Wednesday,2013
2013-03-28,913.0,97.24,82104.0,Thursday,2013
2013-03-29,551.0,97.24,77781.0,Friday,2013
2013-03-30,596.0,97.24,90611.0,Saturday,2013
2013-03-31,845.0,97.24,82563.0,Sunday,2013
2013-04-01,910.0,97.1,81678.0,Monday,2013
2013-04-02,758.0,97.23,77165.0,Tuesday,2013
2013-04-03,653.0,95.02,78534.0,Wednesday,2013
2013-04-04,576.0,93.26,72217.0,Thursday,2013
2013-04-05,613.0,92.76,74928.0,Friday,2013
2013-04-06,904.0,92.76,94844.0,Saturday,2013
2013-04-07,1034.0,92.76,89183.0,Sunday,2013
2013-04-08,690.0,93.36,75161.0,Monday,2013
2013-04-09,478.0,94.18,71416.0,Tuesday,2013
2013-04-10,575.0,94.59,73989.0,Wednesday,2013
2013-04-11,789.0,93.44,71907.0,Thursday,2013
2013-04-12,540.0,91.23,75403.0,Friday,2013
2013-04-13,1137.0,91.23,92166.0,Saturday,2013
2013-04-14,747.0,91.23,86803.0,Sunday,2013
2013-04-15,771.0,88.75,76251.0,Monday,2013
2013-04-16,645.0,88.73,74187.0,Tuesday,2013
2013-04-17,608.0,86.65,74529.0,Wednesday,2013
2013-04-18,459.0,87.83,68343.0,Thursday,2013
2013-04-19,584.0,88.04,73119.0,Friday,2013
2013-04-20,669.0,88.04,92014.0,Saturday,2013
2013-04-21,749.0,88.04,87401.0,Sunday,2013
2013-04-22,870.0,88.81,75157.0,Monday,2013
2013-04-23,555.0,89.21,71657.0,Tuesday,2013
2013-04-24,489.0,91.07,73003.0,Wednesday,2013
2013-04-25,861.0,93.27,68917.0,Thursday,2013
2013-04-26,708.0,92.63,72813.0,Friday,2013
2013-04-27,625.0,92.63,89825.0,Saturday,2013
2013-04-28,779.0,92.63,86773.0,Sunday,2013
2013-04-29,730.0,94.09,72009.0,Monday,2013
2013-04-30,649.0,93.22,73513.0,Tuesday,2013
2013-05-01,990.0,90.74,90548.0,Wednesday,2013
2013-05-02,931.0,93.7,73639.0,Thursday,2013
2013-05-03,572.0,95.25,76685.0,Friday,2013
2013-05-04,825.0,95.25,96689.0,Saturday,2013
2013-05-05,1203.0,95.25,95212.0,Sunday,2013
2013-05-06,691.0,95.8,76383.0,Monday,2013
2013-05-07,969.0,95.28,72563.0,Tuesday,2013
2013-05-08,434.0,96.24,74802.0,Wednesday,2013
2013-05-09,918.0,96.09,75025.0,Thursday,2013
2013-05-10,865.0,95.81,80282.0,Friday,2013
2013-05-11,1465.0,95.81,111484.0,Saturday,2013
2013-05-12,801.0,95.81,89790.0,Sunday,2013
2013-05-13,942.0,94.76,75625.0,Monday,2013
2013-05-14,881.0,93.96,71589.0,Tuesday,2013
2013-05-15,952.0,93.95,74401.0,Wednesday,2013
2013-05-16,955.0,94.85,71287.0,Thursday,2013
2013-05-17,655.0,95.72,74705.0,Friday,2013
2013-05-18,1125.0,95.72,91973.0,Saturday,2013
2013-05-19,1492.0,95.72,89031.0,Sunday,2013
2013-05-20,653.0,96.29,74613.0,Monday,2013
2013-05-21,559.0,95.55,70601.0,Tuesday,2013
2013-05-22,698.0,93.98,71763.0,Wednesday,2013
2013-05-23,643.0,94.12,70843.0,Thursday,2013
2013-05-24,879.0,93.84,78945.0,Friday,2013
2013-05-25,828.0,93.84,85230.0,Saturday,2013
2013-05-26,1028.0,93.84,81869.0,Sunday,2013
2013-05-27,918.0,93.84,72144.0,Monday,2013
2013-05-28,543.0,94.65,71801.0,Tuesday,2013
2013-05-29,803.0,93.13,73970.0,Wednesday,2013
2013-05-30,608.0,93.57,77052.0,Thursday,2013
2013-05-31,744.0,91.93,76921.0,Friday,2013
2013-06-01,1047.0,91.93,101740.0,Saturday,2013
2013-06-02,1385.0,91.93,98018.0,Sunday,2013
2013-06-03,926.0,93.41,80648.0,Monday,2013
2013-06-04,816.0,93.36,76213.0,Tuesday,2013
2013-06-05,712.0,93.66,77605.0,Wednesday,2013
2013-06-06,704.0,94.71,72282.0,Thursday,2013
2013-06-07,576.0,96.11,79014.0,Friday,2013
2013-06-08,894.0,96.11,89783.0,Saturday,2013
2013-06-09,979.0,96.11,89751.0,Sunday,2013
2013-06-10,774.0,95.82,74546.0,Monday,2013
2013-06-11,672.0,95.5,68636.0,Tuesday,2013
2013-06-12,558.0,95.98,73386.0,Wednesday,2013
2013-06-13,521.0,96.66,69703.0,Thursday,2013
2013-06-14,763.0,97.83,76434.0,Friday,2013
2013-06-15,910.0,97.83,102541.0,Saturday,2013
2013-06-16,1470.0,97.83,87839.0,Sunday,2013
2013-06-17,891.0,97.86,76236.0,Monday,2013
2013-06-18,848.0,98.46,73179.0,Tuesday,2013
2013-06-19,871.0,98.24,68613.0,Wednesday,2013
2013-06-20,571.0,94.89,69984.0,Thursday,2013
2013-06-21,659.0,93.81,73717.0,Friday,2013
2013-06-22,870.0,93.81,88681.0,Saturday,2013
2013-06-23,1535.0,93.81,86152.0,Sunday,2013
2013-06-24,898.0,95.07,73403.0,Monday,2013
2013-06-25,798.0,95.25,70549.0,Tuesday,2013
2013-06-26,666.0,95.47,71009.0,Wednesday,2013
2013-06-27,635.0,97.0,67340.0,Thursday,2013
2013-06-28,617.0,96.36,74172.0,Friday,2013
2013-06-29,1336.0,96.36,93531.0,Saturday,2013
2013-06-30,1320.0,96.36,87501.0,Sunday,2013
2013-07-01,799.0,97.94,81850.0,Monday,2013
2013-07-02,655.0,99.65,79187.0,Tuesday,2013
2013-07-03,1043.0,101.92,78437.0,Wednesday,2013
2013-07-04,975.0,101.92,75664.0,Thursday,2013
2013-07-05,758.0,103.09,77710.0,Friday,2013
2013-07-06,873.0,103.09,92132.0,Saturday,2013
2013-07-07,1143.0,103.09,87219.0,Sunday,2013
2013-07-08,795.0,103.03,77464.0,Monday,2013
2013-07-09,829.0,103.46,73041.0,Tuesday,2013
2013-07-10,556.0,106.41,73319.0,Wednesday,2013
2013-07-11,670.0,104.77,68662.0,Thursday,2013
2013-07-12,497.0,105.85,73261.0,Friday,2013
2013-07-13,1166.0,105.85,88063.0,Saturday,2013
2013-07-14,1083.0,105.85,81622.0,Sunday,2013
2013-07-15,1071.0,106.2,76717.0,Monday,2013
2013-07-16,804.0,105.88,75755.0,Tuesday,2013
2013-07-17,860.0,106.39,73859.0,Wednesday,2013
2013-07-18,406.0,107.94,69399.0,Thursday,2013
2013-07-19,565.0,108.0,73231.0,Friday,2013
2013-07-20,1084.0,108.0,87653.0,Saturday,2013
2013-07-21,1075.0,108.0,80799.0,Sunday,2013
2013-07-22,852.0,106.61,75771.0,Monday,2013
2013-07-23,602.0,107.13,73650.0,Tuesday,2013
2013-07-24,690.0,105.41,72876.0,Wednesday,2013
2013-07-25,800.0,105.47,70760.0,Thursday,2013
2013-07-26,822.0,104.76,74270.0,Friday,2013
2013-07-27,677.0,104.76,86632.0,Saturday,2013
2013-07-28,1154.0,104.76,79729.0,Sunday,2013
2013-07-29,659.0,104.61,72911.0,Monday,2013
2013-07-30,636.0,103.14,72512.0,Tuesday,2013
2013-07-31,1405.0,105.1,77813.0,Wednesday,2013
2013-08-01,1086.0,107.93,78740.0,Thursday,2013
2013-08-02,848.0,106.94,79127.0,Friday,2013
2013-08-03,1389.0,106.94,93926.0,Saturday,2013
2013-08-04,1102.0,106.94,86805.0,Sunday,2013
2013-08-05,865.0,106.61,82080.0,Monday,2013
2013-08-06,992.0,105.32,77927.0,Tuesday,2013
2013-08-07,844.0,104.41,77426.0,Wednesday,2013
2013-08-08,676.0,103.45,72592.0,Thursday,2013
2013-08-09,1434.0,106.04,77361.0,Friday,2013
2013-08-10,1352.0,106.04,85444.0,Saturday,2013
2013-08-11,1399.0,106.04,80268.0,Sunday,2013
2013-08-12,702.0,106.19,76317.0,Monday,2013
2013-08-13,716.0,106.78,74660.0,Tuesday,2013
2013-08-14,771.0,106.89,74211.0,Wednesday,2013
2013-08-15,770.0,107.43,74220.0,Thursday,2013
2013-08-16,930.0,107.58,79668.0,Friday,2013
2013-08-17,1249.0,107.58,88888.0,Saturday,2013
2013-08-18,1506.0,107.58,83247.0,Sunday,2013
2013-08-19,1323.0,107.14,77100.0,Monday,2013
2013-08-20,663.0,104.9,76629.0,Tuesday,2013
2013-08-21,902.0,103.93,76613.0,Wednesday,2013
2013-08-22,622.0,104.93,71220.0,Thursday,2013
2013-08-23,982.0,106.48,75844.0,Friday,2013
2013-08-24,1046.0,106.48,87502.0,Saturday,2013
2013-08-25,1140.0,106.48,82558.0,Sunday,2013
2013-08-26,653.0,105.88,76173.0,Monday,2013
2013-08-27,689.0,109.11,73568.0,Tuesday,2013
2013-08-28,558.0,110.17,74979.0,Wednesday,2013
2013-08-29,504.0,108.51,71897.0,Thursday,2013
2013-08-30,1126.0,107.98,77749.0,Friday,2013
2013-08-31,1796.0,107.98,96400.0,Saturday,2013
2013-09-01,1625.0,107.98,95871.0,Sunday,2013
2013-09-02,1200.0,107.98,84388.0,Monday,2013
2013-09-03,1003.0,108.67,79834.0,Tuesday,2013
2013-09-04,946.0,107.29,80360.0,Wednesday,2013
2013-09-05,727.0,108.5,74704.0,Thursday,2013
2013-09-06,869.0,110.62,74579.0,Friday,2013
2013-09-07,1186.0,110.62,95846.0,Saturday,2013
2013-09-08,1104.0,110.62,94015.0,Sunday,2013
2013-09-09,688.0,109.62,77169.0,Monday,2013
2013-09-10,753.0,107.48,72483.0,Tuesday,2013
2013-09-11,730.0,107.65,74287.0,Wednesday,2013
2013-09-12,684.0,108.72,68478.0,Thursday,2013
2013-09-13,738.0,108.31,73019.0,Friday,2013
2013-09-14,1106.0,108.31,92336.0,Saturday,2013
2013-09-15,1091.0,108.31,90410.0,Sunday,2013
2013-09-16,841.0,106.54,77189.0,Monday,2013
2013-09-17,794.0,105.36,72907.0,Tuesday,2013
2013-09-18,785.0,108.23,72512.0,Wednesday,2013
2013-09-19,771.0,106.26,67209.0,Thursday,2013
2013-09-20,719.0,104.7,74285.0,Friday,2013
2013-09-21,1387.0,104.7,91544.0,Saturday,2013
2013-09-22,998.0,104.7,87513.0,Sunday,2013
2013-09-23,995.0,103.62,75213.0,Monday,2013
2013-09-24,664.0,103.22,70348.0,Tuesday,2013
2013-09-25,990.0,102.68,71613.0,Wednesday,2013
2013-09-26,667.0,103.1,66914.0,Thursday,2013
2013-09-27,753.0,102.86,72409.0,Friday,2013
2013-09-28,926.0,102.86,91304.0,Saturday,2013
2013-09-29,1079.0,102.86,87268.0,Sunday,2013
2013-09-30,779.0,102.36,74455.0,Monday,2013
2013-10-01,941.0,102.09,80690.0,Tuesday,2013
2013-10-02,890.0,104.15,80520.0,Wednesday,2013
2013-10-03,843.0,103.29,73793.0,Thursday,2013
2013-10-04,636.0,103.83,78169.0,Friday,2013
2013-10-05,1117.0,103.83,97345.0,Saturday,2013
2013-10-06,899.0,103.83,91143.0,Sunday,2013
2013-10-07,730.0,103.07,77290.0,Monday,2013
2013-10-08,423.0,103.54,73728.0,Tuesday,2013
2013-10-09,728.0,101.63,73206.0,Wednesday,2013
2013-10-10,663.0,103.08,71249.0,Thursday,2013
2013-10-11,898.0,102.17,80838.0,Friday,2013
2013-10-12,845.0,102.17,85003.0,Saturday,2013
2013-10-13,953.0,102.17,83357.0,Sunday,2013
2013-10-14,981.0,102.46,72589.0,Monday,2013
2013-10-15,782.0,101.15,71021.0,Tuesday,2013
2013-10-16,939.0,102.34,73902.0,Wednesday,2013
2013-10-17,556.0,100.72,70806.0,Thursday,2013
2013-10-18,1048.0,100.87,71837.0,Friday,2013
2013-10-19,856.0,100.87,93205.0,Saturday,2013
2013-10-20,1223.0,100.87,91210.0,Sunday,2013
2013-10-21,739.0,99.28,74337.0,Monday,2013
2013-10-22,651.0,97.63,69581.0,Tuesday,2013
2013-10-23,601.0,96.9,71321.0,Wednesday,2013
2013-10-24,647.0,96.65,67609.0,Thursday,2013
2013-10-25,730.0,97.4,72010.0,Friday,2013
2013-10-26,947.0,97.4,89451.0,Saturday,2013
2013-10-27,1054.0,97.4,86852.0,Sunday,2013
2013-10-28,819.0,98.74,73374.0,Monday,2013
2013-10-29,741.0,98.29,69205.0,Tuesday,2013
2013-10-30,776.0,96.81,72246.0,Wednesday,2013
2013-10-31,638.0,96.29,71553.0,Thursday,2013
2013-11-01,913.0,94.56,79385.0,Friday,2013
2013-11-02,1272.0,94.56,93949.0,Saturday,2013
2013-11-03,1029.0,94.56,91085.0,Sunday,2013
2013-11-04,552.0,94.58,79630.0,Monday,2013
2013-11-05,791.0,93.4,76352.0,Tuesday,2013
2013-11-06,747.0,94.74,76148.0,Wednesday,2013
2013-11-07,434.0,94.25,70599.0,Thursday,2013
2013-11-08,573.0,94.56,74646.0,Friday,2013
2013-11-09,835.0,94.56,91367.0,Saturday,2013
2013-11-10,1265.0,94.56,91689.0,Sunday,2013
2013-11-11,859.0,95.13,75194.0,Monday,2013
2013-11-12,834.0,93.12,72225.0,Tuesday,2013
2013-11-13,654.0,93.91,71600.0,Wednesday,2013
2013-11-14,596.0,93.76,67268.0,Thursday,2013
2013-11-15,803.0,93.8,74804.0,Friday,2013
2013-11-16,985.0,93.8,94069.0,Saturday,2013
2013-11-17,903.0,93.8,90357.0,Sunday,2013
2013-11-18,929.0,93.03,76133.0,Monday,2013
2013-11-19,744.0,93.35,71496.0,Tuesday,2013
2013-11-20,938.0,93.34,74998.0,Wednesday,2013
2013-11-21,570.0,95.35,69198.0,Thursday,2013
2013-11-22,937.0,94.53,73466.0,Friday,2013
2013-11-23,824.0,94.53,91187.0,Saturday,2013
2013-11-24,780.0,94.53,87771.0,Sunday,2013
2013-11-25,421.0,93.86,73966.0,Monday,2013
2013-11-26,720.0,93.41,70690.0,Tuesday,2013
2013-11-27,749.0,92.05,71571.0,Wednesday,2013
2013-11-28,700.0,92.05,69896.0,Thursday,2013
2013-11-29,760.0,92.55,74816.0,Friday,2013
2013-11-30,1431.0,92.55,94311.0,Saturday,2013
2013-12-01,1346.0,92.55,96910.0,Sunday,2013
2013-12-02,786.0,93.61,82768.0,Monday,2013
2013-12-03,1054.0,95.83,79820.0,Tuesday,2013
2013-12-04,599.0,96.97,80529.0,Wednesday,2013
2013-12-05,1315.0,97.14,77466.0,Thursday,2013
2013-12-06,776.0,97.48,80763.0,Friday,2013
2013-12-07,888.0,97.48,95160.0,Saturday,2013
2013-12-08,1271.0,97.48,92142.0,Sunday,2013
2013-12-09,501.0,97.1,80274.0,Monday,2013
2013-12-10,752.0,98.32,79326.0,Tuesday,2013
2013-12-11,920.0,97.25,82055.0,Wednesday,2013
2013-12-12,750.0,97.21,80045.0,Thursday,2013
2013-12-13,683.0,96.27,84558.0,Friday,2013
2013-12-14,1330.0,96.27,101340.0,Saturday,2013
2013-12-15,1292.0,96.27,102239.0,Sunday,2013
2013-12-16,959.0,97.18,92585.0,Monday,2013
2013-12-17,1044.0,96.99,94103.0,Tuesday,2013
2013-12-18,1049.0,97.59,102356.0,Wednesday,2013
2013-12-19,1450.0,98.4,109267.0,Thursday,2013
2013-12-20,977.0,99.11,106238.0,Friday,2013
2013-12-21,1354.0,99.11,121425.0,Saturday,2013
2013-12-22,1516.0,99.11,118997.0,Sunday,2013
2013-12-23,1943.0,98.62,145876.0,Monday,2013
2013-12-24,1350.0,98.87,155846.0,Tuesday,2013
2013-12-25,0.0,98.87,,Wednesday,2013
2013-12-26,769.0,99.18,96002.0,Thursday,2013
2013-12-27,1202.0,99.94,98330.0,Friday,2013
2013-12-28,1120.0,99.94,102858.0,Saturday,2013
2013-12-29,1074.0,99.94,88729.0,Sunday,2013
2013-12-30,1035.0,98.9,117645.0,Monday,2013
2013-12-31,1627.0,98.17,117214.0,Tuesday,2013
2014-01-01,34.0,98.17,1327.0,Wednesday,2014
2014-01-02,1366.0,95.14,90716.0,Thursday,2014
2014-01-03,1605.0,93.66,84488.0,Friday,2014
2014-01-04,1713.0,93.66,101361.0,Saturday,2014
2014-01-05,1438.0,93.66,93475.0,Sunday,2014
2014-01-06,1093.0,93.12,77784.0,Monday,2014
2014-01-07,794.058,93.31,75361.0,Tuesday,2014
2014-01-08,1271.0,91.9,77204.0,Wednesday,2014
2014-01-09,689.0,91.36,72575.0,Thursday,2014
2014-01-10,790.0,92.39,75302.0,Friday,2014
2014-01-11,1114.0,92.39,94661.0,Saturday,2014
2014-01-12,1293.0,92.39,89216.0,Sunday,2014
2014-01-13,1034.0,91.45,75590.0,Monday,2014
2014-01-14,844.0,92.15,71724.0,Tuesday,2014
2014-01-15,1197.0,93.78,74904.0,Wednesday,2014
2014-01-16,1262.0,93.54,73914.0,Thursday,2014
2014-01-17,934.347,93.96,75507.0,Friday,2014
2014-01-18,1441.0,93.96,92853.0,Saturday,2014
2014-01-19,1138.0,93.96,88313.0,Sunday,2014
2014-01-20,1081.413,93.96,74870.0,Monday,2014
2014-01-21,1274.0,94.51,74384.0,Tuesday,2014
2014-01-22,622.0,96.35,72600.0,Wednesday,2014
2014-01-23,573.0,97.23,69863.0,Thursday,2014
2014-01-24,1079.0,96.66,74881.0,Friday,2014
2014-01-25,1206.0,96.66,89619.0,Saturday,2014
2014-01-26,1139.0,96.66,86186.0,Sunday,2014
2014-01-27,887.0,95.82,73833.0,Monday,2014
2014-01-28,845.0,97.49,71475.0,Tuesday,2014
2014-01-29,833.0,97.34,70343.0,Wednesday,2014
2014-01-30,992.0,98.25,69738.0,Thursday,2014
2014-01-31,1041.0,97.55,79461.0,Friday,2014
2014-02-01,1524.0,97.55,100397.0,Saturday,2014
2014-02-02,1795.0,97.55,91157.0,Sunday,2014
2014-02-03,1271.0,96.44,82999.0,Monday,2014
2014-02-04,937.0,97.24,78774.0,Tuesday,2014
2014-02-05,1088.0,97.4,79153.0,Wednesday,2014
2014-02-06,625.0,97.84,75574.0,Thursday,2014
2014-02-07,804.0,99.98,78958.0,Friday,2014
2014-02-08,1041.0,99.98,92697.0,Saturday,2014
2014-02-09,1259.0,99.98,83507.0,Sunday,2014
2014-02-10,873.0,100.12,78191.0,Monday,2014
2014-02-11,838.0,99.96,75239.0,Tuesday,2014
2014-02-12,1084.0,100.38,79051.0,Wednesday,2014
2014-02-13,666.0,100.27,82922.0,Thursday,2014
2014-02-14,684.0,100.31,92671.0,Friday,2014
2014-02-15,962.0,100.31,93175.0,Saturday,2014
2014-02-16,1247.0,100.31,88232.0,Sunday,2014
2014-02-17,818.0,100.31,76721.0,Monday,2014
2014-02-18,719.0,102.54,73438.0,Tuesday,2014
2014-02-19,658.0,103.46,73514.0,Wednesday,2014
2014-02-20,598.0,103.2,71024.0,Thursday,2014
2014-02-21,743.0,102.53,75172.0,Friday,2014
2014-02-22,969.0,102.53,93092.0,Saturday,2014
2014-02-23,877.0,102.53,80419.0,Sunday,2014
2014-02-24,764.0,103.17,77401.0,Monday,2014
2014-02-25,574.0,102.2,72686.0,Tuesday,2014
2014-02-26,672.0,102.93,74042.0,Wednesday,2014
2014-02-27,608.0,102.68,73390.0,Thursday,2014
2014-02-28,1089.0,102.88,84571.0,Friday,2014
2014-03-01,1531.0,102.88,102182.0,Saturday,2014
2014-03-02,1638.0,102.88,79124.0,Sunday,2014
2014-03-03,1065.0,105.34,76019.0,Monday,2014
2014-03-04,1010.0,103.64,81818.0,Tuesday,2014
2014-03-05,1381.0,101.75,84962.0,Wednesday,2014
2014-03-06,945.0,101.82,81147.0,Thursday,2014
2014-03-07,842.0,102.82,80361.0,Friday,2014
2014-03-08,926.0,102.82,94346.0,Saturday,2014
2014-03-09,1324.0,102.82,92694.0,Sunday,2014
2014-03-10,848.0,101.39,77536.0,Monday,2014
2014-03-11,917.0,100.29,75793.0,Tuesday,2014
2014-03-12,1110.0,98.29,75820.0,Wednesday,2014
2014-03-13,915.0,98.57,72982.0,Thursday,2014
2014-03-14,952.0,99.23,77386.0,Friday,2014
2014-03-15,1480.0,99.23,91559.0,Saturday,2014
2014-03-16,1696.0,99.23,93240.0,Sunday,2014
2014-03-17,1076.0,98.43,80383.0,Monday,2014
2014-03-18,989.0,100.08,75912.0,Tuesday,2014
2014-03-19,862.0,100.71,76911.0,Wednesday,2014
2014-03-20,1122.0,99.68,74462.0,Thursday,2014
2014-03-21,837.0,99.97,78342.0,Friday,2014
2014-03-22,954.0,99.97,93889.0,Saturday,2014
2014-03-23,1284.0,99.97,89071.0,Sunday,2014
2014-03-24,1094.0,100.05,74406.0,Monday,2014
2014-03-25,972.0,99.66,74454.0,Tuesday,2014
2014-03-26,961.0,100.61,74887.0,Wednesday,2014
2014-03-27,942.0,101.25,71079.0,Thursday,2014
2014-03-28,1219.0,101.73,78180.0,Friday,2014
2014-03-29,1225.0,101.73,95635.0,Saturday,2014
2014-03-30,1656.0,101.73,88582.0,Sunday,2014
2014-03-31,1137.0,101.57,82265.0,Monday,2014
2014-04-01,1094.0,99.69,84822.0,Tuesday,2014
2014-04-02,1246.0,99.6,83375.0,Wednesday,2014
2014-04-03,950.0,100.29,78063.0,Thursday,2014
2014-04-04,897.0,101.16,81700.0,Friday,2014
2014-04-05,894.0,101.16,101536.0,Saturday,2014
2014-04-06,882.0,101.16,94488.0,Sunday,2014
2014-04-07,980.0,100.43,80982.0,Monday,2014
2014-04-08,875.0,102.57,76904.0,Tuesday,2014
2014-04-09,660.0,103.55,78352.0,Wednesday,2014
2014-04-10,751.0,103.37,76260.0,Thursday,2014
2014-04-11,819.0,103.68,80053.0,Friday,2014
2014-04-12,1101.0,103.68,95879.0,Saturday,2014
2014-04-13,857.0,103.68,88770.0,Sunday,2014
2014-04-14,614.0,104.05,77753.0,Monday,2014
2014-04-15,793.0,103.7,76278.0,Tuesday,2014
2014-04-16,745.0,103.71,81231.0,Wednesday,2014
2014-04-17,1050.0,104.33,84493.0,Thursday,2014
2014-04-18,774.0,104.33,81003.0,Friday,2014
2014-04-19,869.0,104.33,92589.0,Saturday,2014
2014-04-20,640.0,104.33,86198.0,Sunday,2014
2014-04-21,828.0,104.35,79111.0,Monday,2014
2014-04-22,926.0,101.69,75889.0,Tuesday,2014
2014-04-23,574.0,101.47,75358.0,Wednesday,2014
2014-04-24,617.0,102.2,71753.0,Thursday,2014
2014-04-25,696.0,100.85,75347.0,Friday,2014
2014-04-26,794.0,100.85,89576.0,Saturday,2014
2014-04-27,930.0,100.85,88583.0,Sunday,2014
2014-04-28,541.0,101.13,73482.0,Monday,2014
2014-04-29,474.0,101.56,71015.0,Tuesday,2014
2014-04-30,567.0,100.07,74823.0,Wednesday,2014
2014-05-01,607.0,99.69,87240.0,Thursday,2014
2014-05-02,777.0,100.09,80437.0,Friday,2014
2014-05-03,1079.0,100.09,98252.0,Saturday,2014
2014-05-04,1546.0,100.09,93157.0,Sunday,2014
2014-05-05,817.0,99.74,77689.0,Monday,2014
2014-05-06,891.0,99.81,75193.0,Tuesday,2014
2014-05-07,937.0,101.06,77067.0,Wednesday,2014
2014-05-08,695.0,100.52,73342.0,Thursday,2014
2014-05-09,482.0,100.32,81067.0,Friday,2014
2014-05-10,914.0,100.32,108342.0,Saturday,2014
2014-05-11,1150.0,100.32,90945.0,Sunday,2014
2014-05-12,636.0,100.89,76000.0,Monday,2014
2014-05-13,573.0,102.01,73847.0,Tuesday,2014
2014-05-14,780.0,102.63,73257.0,Wednesday,2014
2014-05-15,540.0,101.74,70281.0,Thursday,2014
2014-05-16,530.0,102.31,75778.0,Friday,2014
2014-05-17,1201.0,102.31,91408.0,Saturday,2014
2014-05-18,919.0,102.31,93334.0,Sunday,2014
2014-05-19,511.0,102.95,75548.0,Monday,2014
2014-05-20,785.0,102.8,73023.0,Tuesday,2014
2014-05-21,556.0,104.31,73409.0,Wednesday,2014
2014-05-22,548.0,104.03,68645.0,Thursday,2014
2014-05-23,667.397,105.01,71882.0,Friday,2014
2014-05-24,754.0,105.01,90183.0,Saturday,2014
2014-05-25,1382.333,105.01,88321.0,Sunday,2014
2014-05-26,540.0,105.01,73627.0,Monday,2014
2014-05-27,710.0,104.78,70265.0,Tuesday,2014
2014-05-28,587.0,103.37,71949.0,Wednesday,2014
2014-05-29,807.0,104.26,74837.0,Thursday,2014
2014-05-30,684.0,103.4,77930.0,Friday,2014
2014-05-31,1065.0,103.4,97007.0,Saturday,2014
2014-06-01,1557.0,103.4,101478.0,Sunday,2014
2014-06-02,1158.0,103.07,83193.0,Monday,2014
2014-06-03,879.0,103.34,79665.0,Tuesday,2014
2014-06-04,729.0,103.27,78673.0,Wednesday,2014
2014-06-05,852.0,103.17,73882.0,Thursday,2014
2014-06-06,696.246,103.32,77054.0,Friday,2014
2014-06-07,917.0,103.32,94798.0,Saturday,2014
2014-06-08,949.937,103.32,91509.0,Sunday,2014
2014-06-09,759.0,105.09,76770.0,Monday,2014
2014-06-10,625.0,105.02,72457.0,Tuesday,2014
2014-06-11,764.0,105.04,74691.0,Wednesday,2014
2014-06-12,583.0,107.2,70928.0,Thursday,2014
2014-06-13,632.0,107.49,79126.0,Friday,2014
2014-06-14,983.0,107.49,106217.0,Saturday,2014
2014-06-15,653.0,107.49,81730.0,Sunday,2014
2014-06-16,859.0,107.52,78357.0,Monday,2014
2014-06-17,696.0,106.95,74593.0,Tuesday,2014
2014-06-18,764.0,106.64,73547.0,Wednesday,2014
2014-06-19,752.0,107.08,69533.0,Thursday,2014
2014-06-20,752.0,107.95,74637.0,Friday,2014
2014-06-21,770.0,107.95,90482.0,Saturday,2014
2014-06-22,1092.0,107.95,88830.0,Sunday,2014
2014-06-23,873.0,106.83,74621.0,Monday,2014
2014-06-24,684.0,106.64,69887.0,Tuesday,2014
2014-06-25,572.254,107.04,73770.0,Wednesday,2014
2014-06-26,391.0,106.49,68189.0,Thursday,2014
2014-06-27,657.0,106.46,73887.0,Friday,2014
2014-06-28,983.0,106.46,86469.0,Saturday,2014
2014-06-29,1029.0,106.46,83832.0,Sunday,2014
2014-06-30,680.0,106.07,76339.0,Monday,2014
2014-07-01,1257.0,106.06,79972.0,Tuesday,2014
2014-07-02,795.0,105.18,83075.0,Wednesday,2014
2014-07-03,915.0,104.76,77099.0,Thursday,2014
2014-07-04,973.0,104.76,78171.0,Friday,2014
2014-07-05,1164.0,104.76,92536.0,Saturday,2014
2014-07-06,1825.0,104.76,90910.0,Sunday,2014
2014-07-07,1193.0,104.19,79130.0,Monday,2014
2014-07-08,777.0,104.06,74393.0,Tuesday,2014
2014-07-09,979.0,102.93,73421.0,Wednesday,2014
2014-07-10,756.73,103.61,71722.0,Thursday,2014
2014-07-11,950.0,101.48,74586.0,Friday,2014
2014-07-12,969.0,101.48,89793.0,Saturday,2014
2014-07-13,1234.0,101.48,79840.0,Sunday,2014
2014-07-14,1086.0,101.73,76320.0,Monday,2014
2014-07-15,787.0,100.56,76497.0,Tuesday,2014
2014-07-16,681.0,101.88,77335.0,Wednesday,2014
2014-07-17,853.0,103.84,72365.0,Thursday,2014
2014-07-18,696.373,103.83,76812.0,Friday,2014
2014-07-19,973.0,103.83,88541.0,Saturday,2014
2014-07-20,1349.0,103.83,82660.0,Sunday,2014
2014-07-21,685.0,105.34,77658.0,Monday,2014
2014-07-22,780.0,104.59,73749.0,Tuesday,2014
2014-07-23,980.0,103.81,74346.0,Wednesday,2014
2014-07-24,926.0,102.76,72513.0,Thursday,2014
2014-07-25,1230.0,105.23,78229.0,Friday,2014
2014-07-26,1229.0,105.23,87657.0,Saturday,2014
2014-07-27,1659.0,105.23,81927.0,Sunday,2014
2014-07-28,625.0,105.68,77123.0,Monday,2014
2014-07-29,974.0,104.91,73622.0,Tuesday,2014
2014-07-30,843.0,104.29,74905.0,Wednesday,2014
2014-07-31,963.0,98.23,75434.0,Thursday,2014
2014-08-01,1022.0,97.86,87196.0,Friday,2014
2014-08-02,1384.0,97.86,97649.0,Saturday,2014
2014-08-03,1169.0,97.86,90780.0,Sunday,2014
2014-08-04,921.0,98.26,83158.0,Monday,2014
2014-08-05,831.0,97.34,79178.0,Tuesday,2014
2014-08-06,884.0,96.93,78787.0,Wednesday,2014
2014-08-07,902.0,97.34,74620.0,Thursday,2014
2014-08-08,685.0,97.61,78698.0,Friday,2014
2014-08-09,1018.0,97.61,88010.0,Saturday,2014
2014-08-10,1285.0,97.61,82185.0,Sunday,2014
2014-08-11,753.0,98.09,78908.0,Monday,2014
2014-08-12,758.0,97.36,73280.0,Tuesday,2014
2014-08-13,1048.0,97.57,76370.0,Wednesday,2014
2014-08-14,644.0,95.54,73787.0,Thursday,2014
2014-08-15,643.0,97.3,81345.0,Friday,2014
2014-08-16,1309.0,97.3,91797.0,Saturday,2014
2014-08-17,1078.0,97.3,87306.0,Sunday,2014
2014-08-18,862.0,96.44,80849.0,Monday,2014
2014-08-19,707.0,94.35,77282.0,Tuesday,2014
2014-08-20,719.0,96.4,79897.0,Wednesday,2014
2014-08-21,913.0,93.97,75218.0,Thursday,2014
2014-08-22,743.0,93.61,78705.0,Friday,2014
2014-08-23,1242.0,93.61,89623.0,Saturday,2014
2014-08-24,858.0,93.61,85697.0,Sunday,2014
2014-08-25,1149.0,95.39,77287.0,Monday,2014
2014-08-26,762.0,95.78,74029.0,Tuesday,2014
2014-08-27,841.0,95.82,75594.0,Wednesday,2014
2014-08-28,579.0,96.44,71897.0,Thursday,2014
2014-08-29,617.0,97.86,78280.0,Friday,2014
2014-08-30,1112.0,97.86,96128.0,Saturday,2014
2014-08-31,1357.0,97.86,94032.0,Sunday,2014
2014-09-01,1266.0,97.86,87941.0,Monday,2014
2014-09-02,1140.0,92.92,83895.0,Tuesday,2014
2014-09-03,1016.0,95.5,83264.0,Wednesday,2014
2014-09-04,967.0,94.51,76357.0,Thursday,2014
2014-09-05,908.0,93.32,79393.0,Friday,2014
2014-09-06,1249.0,93.32,97051.0,Saturday,2014
2014-09-07,1205.0,93.32,97206.0,Sunday,2014
2014-09-08,1254.0,92.64,80954.0,Monday,2014
2014-09-09,861.0,92.73,75647.0,Tuesday,2014
2014-09-10,762.0,91.71,77110.0,Wednesday,2014
2014-09-11,698.0,92.89,73413.0,Thursday,2014
2014-09-12,897.0,92.18,77324.0,Friday,2014
2014-09-13,1319.0,92.18,94599.0,Saturday,2014
2014-09-14,1954.0,92.18,91685.0,Sunday,2014
2014-09-15,1072.0,92.86,80209.0,Monday,2014
2014-09-16,1009.0,94.91,78628.0,Tuesday,2014
2014-09-17,1167.0,94.33,76934.0,Wednesday,2014
2014-09-18,886.0,93.07,71000.0,Thursday,2014
2014-09-19,1039.0,92.43,75575.0,Friday,2014
2014-09-20,1162.0,92.43,94175.0,Saturday,2014
2014-09-21,1312.0,92.43,91092.0,Sunday,2014
2014-09-22,1158.0,91.46,76335.0,Monday,2014
2014-09-23,896.0,91.55,74715.0,Tuesday,2014
2014-09-24,1243.0,93.6,75802.0,Wednesday,2014
2014-09-25,810.0,93.59,70769.0,Thursday,2014
2014-09-26,788.0,95.55,73141.0,Friday,2014
2014-09-27,1324.0,95.55,90831.0,Saturday,2014
2014-09-28,1025.0,95.55,89876.0,Sunday,2014
2014-09-29,946.0,94.53,76390.0,Monday,2014
2014-09-30,1046.0,91.17,77820.0,Tuesday,2014
2014-10-01,1182.0,90.74,84960.0,Wednesday,2014
2014-10-02,954.0,91.02,79575.0,Thursday,2014
2014-10-03,1479.071,89.76,84217.0,Friday,2014
2014-10-04,1539.0,89.76,99718.0,Saturday,2014
2014-10-05,1256.0,89.76,94446.0,Sunday,2014
2014-10-06,792.0,90.33,80160.0,Monday,2014
2014-10-07,1003.0,88.89,78066.0,Tuesday,2014
2014-10-08,1084.0,87.29,77046.0,Wednesday,2014
2014-10-09,895.0,85.76,74220.0,Thursday,2014
2014-10-10,1164.0,85.87,83961.0,Friday,2014
2014-10-11,1152.0,85.87,91360.0,Saturday,2014
2014-10-12,1441.0,85.87,86736.0,Sunday,2014
2014-10-13,956.0,85.73,76957.0,Monday,2014
2014-10-14,907.0,81.72,73921.0,Tuesday,2014
2014-10-15,1138.0,81.82,77781.0,Wednesday,2014
2014-10-16,986.0,82.33,73632.0,Thursday,2014
2014-10-17,1020.0,82.8,75640.0,Friday,2014
2014-10-18,1228.0,82.8,94313.0,Saturday,2014
2014-10-19,2057.0,82.8,92246.0,Sunday,2014
2014-10-20,1170.0,82.76,78183.0,Monday,2014
2014-10-21,860.0,83.25,73577.0,Tuesday,2014
2014-10-22,1057.0,80.52,73816.0,Wednesday,2014
2014-10-23,1057.0,82.81,71293.0,Thursday,2014
2014-10-24,812.0,81.27,73477.0,Friday,2014
2014-10-25,1161.0,81.27,92005.0,Saturday,2014
2014-10-26,1547.0,81.27,90363.0,Sunday,2014
2014-10-27,1117.0,81.26,74434.0,Monday,2014
2014-10-28,964.0,81.36,72417.0,Tuesday,2014
2014-10-29,1098.0,82.25,74037.0,Wednesday,2014
2014-10-30,839.0,81.06,71373.0,Thursday,2014
2014-10-31,1176.0,80.53,79380.0,Friday,2014
2014-11-01,1481.0,80.53,96265.0,Saturday,2014
2014-11-02,891.0,80.53,78183.0,Sunday,2014
2014-11-03,1812.563,78.77,91982.0,Monday,2014
2014-11-04,1265.0,77.15,80319.0,Tuesday,2014
2014-11-05,1436.0,78.71,80883.0,Wednesday,2014
2014-11-06,927.0,77.87,75527.0,Thursday,2014
2014-11-07,752.0,78.71,77407.0,Friday,2014
2014-11-08,1294.0,78.71,93764.0,Saturday,2014
2014-11-09,1604.0,78.71,92456.0,Sunday,2014
2014-11-10,985.0,77.43,75496.0,Monday,2014
2014-11-11,949.0,77.85,73496.0,Tuesday,2014
2014-11-12,1168.0,77.16,75032.0,Wednesday,2014
2014-11-13,864.0,74.13,71007.0,Thursday,2014
2014-11-14,892.0,75.91,76645.0,Friday,2014
2014-11-15,1930.0,75.91,92867.0,Saturday,2014
2014-11-16,1739.0,75.91,92544.0,Sunday,2014
2014-11-17,1564.0,75.64,77532.0,Monday,2014
2014-11-18,1191.0,74.55,74317.0,Tuesday,2014
2014-11-19,1048.0,74.55,72588.0,Wednesday,2014
2014-11-20,926.0,75.63,73630.0,Thursday,2014
2014-11-21,1026.0,76.52,77423.0,Friday,2014
2014-11-22,1218.0,76.52,91986.0,Saturday,2014
2014-11-23,1606.0,76.52,90947.0,Sunday,2014
2014-11-24,1022.0,75.74,76731.0,Monday,2014
2014-11-25,1406.0,74.04,73268.0,Tuesday,2014
2014-11-26,930.0,73.7,74865.0,Wednesday,2014
2014-11-27,1044.0,73.7,71278.0,Thursday,2014
2014-11-28,784.0,65.94,78509.0,Friday,2014
2014-11-29,1434.0,65.94,96504.0,Saturday,2014
2014-11-30,1496.0,65.94,96847.0,Sunday,2014
2014-12-01,1333.0,68.98,86943.0,Monday,2014
2014-12-02,1110.0,66.99,84903.0,Tuesday,2014
2014-12-03,1096.0,67.3,82957.0,Wednesday,2014
2014-12-04,926.0,66.73,79357.0,Thursday,2014
2014-12-05,1144.0,65.89,84023.0,Friday,2014
2014-12-06,1567.0,65.89,95549.0,Saturday,2014
2014-12-07,1745.0,65.89,97587.0,Sunday,2014
2014-12-08,1254.0,63.13,86182.0,Monday,2014
2014-12-09,1307.0,63.74,82255.0,Tuesday,2014
2014-12-10,2833.0,60.99,84084.0,Wednesday,2014
2014-12-11,1148.0,60.01,83115.0,Thursday,2014
2014-12-12,1092.0,57.81,86621.0,Friday,2014
2014-12-13,1414.0,57.81,104404.0,Saturday,2014
2014-12-14,1389.0,57.81,102605.0,Sunday,2014
2014-12-15,1077.0,55.96,94336.0,Monday,2014
2014-12-16,1484.0,55.97,96222.0,Tuesday,2014
2014-12-17,1389.516,56.43,99887.0,Wednesday,2014
2014-12-18,1694.0,54.18,102225.0,Thursday,2014
2014-12-19,1612.0,56.91,104187.0,Friday,2014
2014-12-20,1482.0,56.91,118293.0,Saturday,2014
2014-12-21,1578.0,56.91,118694.0,Sunday,2014
2014-12-22,1504.0,55.25,134574.0,Monday,2014
2014-12-23,1791.0,56.78,144513.0,Tuesday,2014
2014-12-24,2473.0,55.7,156546.0,Wednesday,2014
2014-12-25,0.0,55.7,,Thursday,2014
2014-12-26,1812.0,54.59,108760.0,Friday,2014
2014-12-27,1387.0,54.59,98956.0,Saturday,2014
2014-12-28,1425.0,54.59,86890.0,Sunday,2014
2014-12-29,1265.0,53.46,100363.0,Monday,2014
2014-12-30,2311.0,54.14,117100.0,Tuesday,2014
2014-12-31,2004.0,53.45,126952.0,Wednesday,2014
2015-01-01,0.0,53.45,2202.0,Thursday,2015
2015-01-02,1233.0,52.72,96809.0,Friday,2015
2015-01-03,1052.0,52.72,96288.0,Saturday,2015
2015-01-04,879.0,52.72,94496.0,Sunday,2015
2015-01-05,1292.0,50.05,88880.0,Monday,2015
2015-01-06,1034.0,47.98,82581.0,Tuesday,2015
2015-01-07,1099.0,48.69,83804.0,Wednesday,2015
2015-01-08,795.0,48.8,77474.0,Thursday,2015
2015-01-09,897.0,48.35,79379.0,Friday,2015
2015-01-10,1036.0,48.35,92717.0,Saturday,2015
2015-01-11,1243.0,48.35,94679.0,Sunday,2015
2015-01-12,1101.0,46.06,79557.0,Monday,2015
2015-01-13,814.0,45.92,75846.0,Tuesday,2015
2015-01-14,795.0,48.49,77003.0,Wednesday,2015
2015-01-15,708.0,46.37,73949.0,Thursday,2015
2015-01-16,844.0,48.49,76133.0,Friday,2015
2015-01-17,987.0,48.49,96331.0,Saturday,2015
2015-01-18,1610.0,48.49,92139.0,Sunday,2015
2015-01-19,1084.0,48.49,77981.0,Monday,2015
2015-01-20,597.127,46.79,75810.0,Tuesday,2015
2015-01-21,953.0,47.85,77316.0,Wednesday,2015
2015-01-22,854.0,45.93,73150.0,Thursday,2015
2015-01-23,955.0,45.26,76086.0,Friday,2015
2015-01-24,954.0,45.26,94292.0,Saturday,2015
2015-01-25,1387.0,45.26,89418.0,Sunday,2015
2015-01-26,1119.0,44.8,74534.0,Monday,2015
2015-01-27,732.0,45.84,71018.0,Tuesday,2015
2015-01-28,1032.0,44.08,73108.0,Wednesday,2015
2015-01-29,1069.0,44.12,70000.0,Thursday,2015
2015-01-30,784.0,47.79,79491.0,Friday,2015
2015-01-31,1178.0,47.79,96588.0,Saturday,2015
2015-02-01,1919.0,47.79,98364.0,Sunday,2015
2015-02-02,932.0,49.25,84117.0,Monday,2015
2015-02-03,1103.0,53.04,80387.0,Tuesday,2015
2015-02-04,1423.0,48.45,80565.0,Wednesday,2015
2015-02-05,851.0,50.48,78116.0,Thursday,2015
2015-02-06,762.0,51.66,79259.0,Friday,2015
2015-02-07,1223.0,51.66,94991.0,Saturday,2015
2015-02-08,1236.0,51.66,88360.0,Sunday,2015
2015-02-09,1263.0,52.99,79999.0,Monday,2015
2015-02-10,714.0,50.06,76983.0,Tuesday,2015
2015-02-11,647.0,48.8,78118.0,Wednesday,2015
2015-02-12,856.0,51.17,78137.0,Thursday,2015
2015-02-13,1005.0,52.66,95708.0,Friday,2015
2015-02-14,1075.0,52.66,105818.0,Saturday,2015
2015-02-15,1044.0,52.66,77512.0,Sunday,2015
2015-02-16,920.0,52.66,75439.0,Monday,2015
2015-02-17,1013.0,53.56,79643.0,Tuesday,2015
2015-02-18,893.0,52.13,85992.0,Wednesday,2015
2015-02-19,717.0,51.12,78446.0,Thursday,2015
2015-02-20,1030.0,49.95,84726.0,Friday,2015
2015-02-21,1084.0,49.95,92718.0,Saturday,2015
2015-02-22,1323.0,49.95,95074.0,Sunday,2015
2015-02-23,910.0,49.56,76355.0,Monday,2015
2015-02-24,1088.0,48.48,76065.0,Tuesday,2015
2015-02-25,872.0,50.25,75253.0,Wednesday,2015
2015-02-26,707.0,47.65,71797.0,Thursday,2015
2015-02-27,823.0,49.84,80395.0,Friday,2015
2015-02-28,1228.0,49.84,97647.0,Saturday,2015
2015-03-01,1321.0,49.84,100885.0,Sunday,2015
2015-03-02,1339.548,49.59,84649.0,Monday,2015
2015-03-03,1271.0,50.43,83100.0,Tuesday,2015
2015-03-04,862.0,51.53,84199.0,Wednesday,2015
2015-03-05,825.0,50.76,79040.0,Thursday,2015
2015-03-06,1295.0,49.61,82542.0,Friday,2015
2015-03-07,1434.0,49.61,102516.0,Saturday,2015
2015-03-08,1223.0,49.61,95738.0,Sunday,2015
2015-03-09,876.0,49.95,83173.0,Monday,2015
2015-03-10,806.0,48.42,82922.0,Tuesday,2015
2015-03-11,1004.0,48.06,80024.0,Wednesday,2015
2015-03-12,869.405,47.12,75430.0,Thursday,2015
2015-03-13,1556.0,44.88,80200.0,Friday,2015
2015-03-14,1383.0,44.88,98468.0,Saturday,2015
2015-03-15,1067.0,44.88,93123.0,Sunday,2015
2015-03-16,1106.0,43.93,81430.0,Monday,2015
2015-03-17,812.0,43.39,77689.0,Tuesday,2015
2015-03-18,662.0,44.63,75660.0,Wednesday,2015
2015-03-19,592.0,44.02,74414.0,Thursday,2015
2015-03-20,1293.0,46.0,83777.0,Friday,2015
2015-03-21,968.0,46.0,99233.0,Saturday,2015
2015-03-22,1259.0,46.0,93794.0,Sunday,2015
2015-03-23,1046.0,47.4,80606.0,Monday,2015
2015-03-24,902.0,47.03,77293.0,Tuesday,2015
2015-03-25,1260.0,48.75,77842.0,Wednesday,2015
2015-03-26,850.0,51.41,73600.0,Thursday,2015
2015-03-27,1005.421,48.83,80951.0,Friday,2015
2015-03-28,1003.0,48.83,94064.0,Saturday,2015
2015-03-29,1791.0,48.83,91104.0,Sunday,2015
2015-03-30,1104.0,48.66,77318.0,Monday,2015
2015-03-31,1015.0,47.72,80716.0,Tuesday,2015
2015-04-01,1458.0,50.12,89824.0,Wednesday,2015
2015-04-02,1226.0,49.13,90983.0,Thursday,2015
2015-04-03,2749.0,49.13,85946.0,Friday,2015
2015-04-04,1332.0,49.13,99813.0,Saturday,2015
2015-04-05,1058.0,49.13,91181.0,Sunday,2015
2015-04-06,888.0,52.08,85469.0,Monday,2015
2015-04-07,986.889,53.95,81779.0,Tuesday,2015
2015-04-08,1120.0,50.44,81262.0,Wednesday,2015
2015-04-09,589.0,50.79,76461.0,Thursday,2015
2015-04-10,948.0,51.63,81510.0,Friday,2015
2015-04-11,949.0,51.63,97337.0,Saturday,2015
2015-04-12,1055.0,51.63,95678.0,Sunday,2015
2015-04-13,807.0,51.95,82116.0,Monday,2015
2015-04-14,1217.0,53.3,75244.0,Tuesday,2015
2015-04-15,1043.0,56.25,80265.0,Wednesday,2015
2015-04-16,740.0,56.69,77637.0,Thursday,2015
2015-04-17,953.0,55.71,80726.0,Friday,2015
2015-04-18,1217.0,55.71,99304.0,Saturday,2015
2015-04-19,1204.746,55.71,94790.0,Sunday,2015
2015-04-20,1198.0,56.37,82615.0,Monday,2015
2015-04-21,949.0,55.58,78187.0,Tuesday,2015
2015-04-22,970.0,56.17,78529.0,Wednesday,2015
2015-04-23,814.0,56.59,75289.0,Thursday,2015
2015-04-24,1188.0,55.98,79301.0,Friday,2015
2015-04-25,1490.0,55.98,95572.0,Saturday,2015
2015-04-26,869.921,55.98,90784.0,Sunday,2015
2015-04-27,917.0,55.56,77486.0,Monday,2015
2015-04-28,807.0,57.05,73013.0,Tuesday,2015
2015-04-29,978.0,58.55,75690.0,Wednesday,2015
2015-04-30,980.0,59.62,79564.0,Thursday,2015
2015-05-01,1455.0,59.1,94567.0,Friday,2015
2015-05-02,1457.468,59.1,100716.0,Saturday,2015
2015-05-03,1306.0,59.1,94618.0,Sunday,2015
2015-05-04,1424.0,58.92,84198.0,Monday,2015
2015-05-05,904.0,60.38,82729.0,Tuesday,2015
2015-05-06,952.0,60.93,83390.0,Wednesday,2015
2015-05-07,920.0,58.99,80437.0,Thursday,2015
2015-05-08,789.0,59.41,85892.0,Friday,2015
2015-05-09,1400.0,59.41,115616.0,Saturday,2015
2015-05-10,1240.0,59.41,95869.0,Sunday,2015
2015-05-11,1034.0,59.23,81414.0,Monday,2015
2015-05-12,1061.0,60.72,77407.0,Tuesday,2015
2015-05-13,790.0,60.5,75555.0,Wednesday,2015
2015-05-14,702.0,59.89,72043.0,Thursday,2015
2015-05-15,924.0,59.73,80107.0,Friday,2015
2015-05-16,2149.0,59.73,99115.0,Saturday,2015
2015-05-17,2111.0,59.73,97521.0,Sunday,2015
2015-05-18,987.0,59.44,80398.0,Monday,2015
2015-05-19,1125.0,57.3,76783.0,Tuesday,2015
2015-05-20,1286.0,58.96,78779.0,Wednesday,2015
2015-05-21,979.0,60.18,74029.0,Thursday,2015
2015-05-22,935.0,58.88,78307.0,Friday,2015
2015-05-23,1421.0,58.88,95351.0,Saturday,2015
2015-05-24,1331.0,58.88,93816.0,Sunday,2015
2015-05-25,1130.0,58.88,77956.0,Monday,2015
2015-05-26,1077.0,57.29,74097.0,Tuesday,2015
2015-05-27,1164.0,57.51,76164.0,Wednesday,2015
2015-05-28,885.0,57.69,73171.0,Thursday,2015
2015-05-29,1178.0,60.25,83081.0,Friday,2015
2015-05-30,2321.0,60.25,102728.0,Saturday,2015
2015-05-31,1556.0,60.25,108057.0,Sunday,2015
2015-06-01,1710.0,60.24,91732.0,Monday,2015
2015-06-02,1614.0,61.3,84760.0,Tuesday,2015
2015-06-03,1277.0,59.67,82916.0,Wednesday,2015
2015-06-04,1118.0,58.0,79588.0,Thursday,2015
2015-06-05,1042.0,59.11,83671.0,Friday,2015
2015-06-06,1425.0,59.11,99584.0,Saturday,2015
2015-06-07,1732.0,59.11,98730.0,Sunday,2015
2015-06-08,1260.0,58.15,81106.0,Monday,2015
2015-06-09,1035.0,60.15,78401.0,Tuesday,2015
2015-06-10,837.0,61.36,77775.0,Wednesday,2015
2015-06-11,765.0,60.74,73723.0,Thursday,2015
2015-06-12,1025.0,59.96,79332.0,Friday,2015
2015-06-13,1488.0,59.96,95583.0,Saturday,2015
2015-06-14,1876.0,59.96,93452.0,Sunday,2015
2015-06-15,979.0,59.53,79423.0,Monday,2015
2015-06-16,1228.0,60.01,80948.0,Tuesday,2015
2015-06-17,1177.0,59.89,80273.0,Wednesday,2015
2015-06-18,1046.0,60.41,76902.0,Thursday,2015
2015-06-19,986.0,59.62,83715.0,Friday,2015
2015-06-20,2218.0,59.62,108362.0,Saturday,2015
2015-06-21,1570.0,59.62,92077.0,Sunday,2015
2015-06-22,1507.0,60.01,81755.0,Monday,2015
2015-06-23,1007.0,61.05,78858.0,Tuesday,2015
2015-06-24,1087.0,60.01,74979.0,Wednesday,2015
2015-06-25,1105.0,59.59,72661.0,Thursday,2015
2015-06-26,830.0,59.41,78165.0,Friday,2015
2015-06-27,1409.0,59.41,92052.0,Saturday,2015
2015-06-28,1786.0,59.41,93170.0,Sunday,2015
2015-06-29,1181.0,58.34,76946.0,Monday,2015
2015-06-30,1413.0,59.48,80264.0,Tuesday,2015
2015-07-01,1917.278,56.94,89117.0,Wednesday,2015
2015-07-02,1267.0,56.93,83862.0,Thursday,2015
2015-07-03,1341.0,56.93,88101.0,Friday,2015
2015-07-04,1919.0,56.93,102116.0,Saturday,2015
2015-07-05,2131.0,56.93,94248.0,Sunday,2015
2015-07-06,1200.0,52.48,86147.0,Monday,2015
2015-07-07,1579.0,52.33,76716.0,Tuesday,2015
2015-07-08,990.0,51.61,84116.0,Wednesday,2015
2015-07-09,1044.0,52.76,79197.0,Thursday,2015
2015-07-10,1013.0,52.74,81733.0,Friday,2015
2015-07-11,1372.0,52.74,91861.0,Saturday,2015
2015-07-12,1857.0,52.74,90004.0,Sunday,2015
2015-07-13,1158.0,52.19,80081.0,Monday,2015
2015-07-14,1063.0,53.05,76798.0,Tuesday,2015
2015-07-15,1262.0,51.4,80203.0,Wednesday,2015
2015-07-16,1396.0,50.9,77483.0,Thursday,2015
2015-07-17,923.452,50.88,82400.0,Friday,2015
2015-07-18,1742.0,50.88,93463.0,Saturday,2015
2015-07-19,2346.0,50.88,89543.0,Sunday,2015
2015-07-20,1398.0,50.11,82542.0,Monday,2015
2015-07-21,1267.0,50.59,78316.0,Tuesday,2015
2015-07-22,1137.0,49.27,77969.0,Wednesday,2015
2015-07-23,792.0,48.11,74744.0,Thursday,2015
2015-07-24,1006.81,47.98,83784.0,Friday,2015
2015-07-25,1424.0,47.98,92906.0,Saturday,2015
2015-07-26,1683.0,47.98,90148.0,Sunday,2015
2015-07-27,957.0,47.17,80240.0,Monday,2015
2015-07-28,1221.0,47.97,77193.0,Tuesday,2015
2015-07-29,833.0,48.77,78724.0,Wednesday,2015
2015-07-30,1214.0,48.53,75122.0,Thursday,2015
2015-07-31,1485.0,47.11,85907.0,Friday,2015
2015-08-01,2583.0,47.11,105307.0,Saturday,2015
2015-08-02,2022.0,47.11,97134.0,Sunday,2015
2015-08-03,1278.0,45.25,89639.0,Monday,2015
2015-08-04,1630.0,45.75,85613.0,Tuesday,2015
2015-08-05,1589.0,45.13,84912.0,Wednesday,2015
2015-08-06,1235.0,44.69,80008.0,Thursday,2015
2015-08-07,1332.0,43.87,85461.0,Friday,2015
2015-08-08,1554.0,43.87,93044.0,Saturday,2015
2015-08-09,1405.0,43.87,79233.0,Sunday,2015
2015-08-10,1820.0,44.94,87127.0,Monday,2015
2015-08-11,1400.0,43.11,82118.0,Tuesday,2015
2015-08-12,1174.0,43.22,82224.0,Wednesday,2015
2015-08-13,1088.0,42.27,77320.0,Thursday,2015
2015-08-14,1073.0,42.45,85068.0,Friday,2015
2015-08-15,1254.0,42.45,101204.0,Saturday,2015
2015-08-16,2129.0,42.45,91810.0,Sunday,2015
2015-08-17,1352.0,41.93,84497.0,Monday,2015
2015-08-18,1315.0,42.58,81121.0,Tuesday,2015
2015-08-19,1438.0,40.75,81318.0,Wednesday,2015
2015-08-20,1068.0,41.0,78717.0,Thursday,2015
2015-08-21,1056.0,40.45,85259.0,Friday,2015
2015-08-22,1945.0,40.45,94782.0,Saturday,2015
2015-08-23,1624.0,40.45,89641.0,Sunday,2015
2015-08-24,1269.0,38.22,82462.0,Monday,2015
2015-08-25,1500.008,39.15,78984.0,Tuesday,2015
2015-08-26,1167.0,38.5,78623.0,Wednesday,2015
2015-08-27,867.0,42.47,75910.0,Thursday,2015
2015-08-28,918.0,45.29,81668.0,Friday,2015
2015-08-29,2166.0,45.29,96050.0,Saturday,2015
2015-08-30,1780.254,45.29,92502.0,Sunday,2015
2015-08-31,1639.0,49.2,86301.0,Monday,2015
2015-09-01,1567.496,45.38,90485.0,Tuesday,2015
2015-09-02,1743.0,46.3,88953.0,Wednesday,2015
2015-09-03,1154.985,46.75,83192.0,Thursday,2015
2015-09-04,1096.0,46.02,84429.0,Friday,2015
2015-09-05,1573.173,46.02,103308.0,Saturday,2015
2015-09-06,2041.0,46.02,100483.0,Sunday,2015
2015-09-07,1758.0,46.02,85728.0,Monday,2015
2015-09-08,1479.0,45.92,81290.0,Tuesday,2015
2015-09-09,1104.0,44.13,81083.0,Wednesday,2015
2015-09-10,1277.0,45.85,76378.0,Thursday,2015
2015-09-11,1304.0,44.75,80722.0,Friday,2015
2015-09-12,1475.0,44.75,96719.0,Saturday,2015
2015-09-13,2022.0,44.75,94872.0,Sunday,2015
2015-09-14,1427.0,44.07,80058.0,Monday,2015
2015-09-15,1703.0,44.58,80367.0,Tuesday,2015
2015-09-16,1425.0,47.12,81886.0,Wednesday,2015
2015-09-17,1292.0,46.93,75483.0,Thursday,2015
2015-09-18,1387.0,44.71,80610.0,Friday,2015
2015-09-19,1580.0,44.71,97499.0,Saturday,2015
2015-09-20,2064.0,44.71,94345.0,Sunday,2015
2015-09-21,1163.0,46.67,81429.0,Monday,2015
2015-09-22,1216.0,46.17,77608.0,Tuesday,2015
2015-09-23,1043.0,44.53,78775.0,Wednesday,2015
2015-09-24,1070.0,44.94,73545.0,Thursday,2015
2015-09-25,1628.0,45.55,79507.0,Friday,2015
2015-09-26,1951.0,45.55,94388.0,Saturday,2015
2015-09-27,1876.0,45.55,92915.0,Sunday,2015
2015-09-28,1291.0,44.4,77182.0,Monday,2015
2015-09-29,1042.0,45.24,74165.0,Tuesday,2015
2015-09-30,1246.113,45.06,77848.0,Wednesday,2015
2015-10-01,1574.0,44.75,83792.0,Thursday,2015
2015-10-02,1602.0,45.54,87428.0,Friday,2015
2015-10-03,1882.0,45.54,105572.0,Saturday,2015
2015-10-04,1554.0,45.54,100646.0,Sunday,2015
2015-10-05,1658.0,46.28,86220.0,Monday,2015
2015-10-06,1584.0,48.53,80330.0,Tuesday,2015
2015-10-07,1391.0,47.86,81073.0,Wednesday,2015
2015-10-08,1359.0,49.46,78172.0,Thursday,2015
2015-10-09,1846.677,49.67,90250.0,Friday,2015
2015-10-10,1674.0,49.67,94991.0,Saturday,2015
2015-10-11,2497.0,49.67,90881.0,Sunday,2015
2015-10-12,1306.0,47.09,80029.0,Monday,2015
2015-10-13,1151.0,46.7,72375.0,Tuesday,2015
2015-10-14,1508.0,46.63,76395.0,Wednesday,2015
2015-10-15,1018.0,46.38,75010.0,Thursday,2015
2015-10-16,1222.0,47.3,83029.0,Friday,2015
2015-10-17,1441.0,47.3,98871.0,Saturday,2015
2015-10-18,2144.0,47.3,96231.0,Sunday,2015
2015-10-19,1518.0,45.91,79787.0,Monday,2015
2015-10-20,1208.0,45.84,78289.0,Tuesday,2015
2015-10-21,1080.0,45.22,78173.0,Wednesday,2015
2015-10-22,1008.0,44.9,73095.0,Thursday,2015
2015-10-23,1034.0,43.91,78019.0,Friday,2015
2015-10-24,1837.0,43.91,93418.0,Saturday,2015
2015-10-25,1633.0,43.91,93799.0,Sunday,2015
2015-10-26,1464.0,43.19,76122.0,Monday,2015
2015-10-27,1377.0,43.21,73841.0,Tuesday,2015
2015-10-28,1626.0,45.93,74249.0,Wednesday,2015
2015-10-29,1602.0,46.02,70572.0,Thursday,2015
2015-10-30,1714.0,46.6,81174.0,Friday,2015
2015-10-31,2122.0,46.6,98651.0,Saturday,2015
2015-11-01,1616.0,46.6,83827.0,Sunday,2015
2015-11-02,1260.0,46.12,80162.0,Monday,2015
2015-11-03,2265.0,47.88,92896.0,Tuesday,2015
2015-11-04,2046.0,46.32,85572.0,Wednesday,2015
2015-11-05,1168.0,45.27,78103.0,Thursday,2015
2015-11-06,1062.331,44.32,79994.0,Friday,2015
2015-11-07,1524.0,44.32,96498.0,Saturday,2015
2015-11-08,2008.0,44.32,96692.0,Sunday,2015
2015-11-09,1059.0,43.87,78801.0,Monday,2015
2015-11-10,1517.0,44.23,77488.0,Tuesday,2015
2015-11-11,900.0,42.95,77427.0,Wednesday,2015
2015-11-12,1145.0,41.74,72788.0,Thursday,2015
2015-11-13,1148.0,40.69,80292.0,Friday,2015
2015-11-14,1316.0,40.69,96119.0,Saturday,2015
2015-11-15,1897.0,40.69,96807.0,Sunday,2015
2015-11-16,1196.0,41.68,80136.0,Monday,2015
2015-11-17,1283.0,40.73,76290.0,Tuesday,2015
2015-11-18,1279.0,40.75,78369.0,Wednesday,2015
2015-11-19,1605.0,40.55,74410.0,Thursday,2015
2015-11-20,833.0,39.39,83456.0,Friday,2015
2015-11-21,1486.0,39.39,94660.0,Saturday,2015
2015-11-22,2174.0,39.39,93697.0,Sunday,2015
2015-11-23,1294.0,39.27,78586.0,Monday,2015
2015-11-24,1118.0,40.89,76930.0,Tuesday,2015
2015-11-25,1376.0,41.22,79328.0,Wednesday,2015
2015-11-26,1163.0,41.22,74586.0,Thursday,2015
2015-11-27,1299.0,40.57,83890.0,Friday,2015
2015-11-28,1501.0,40.57,95616.0,Saturday,2015
2015-11-29,1463.0,40.57,99517.0,Sunday,2015
2015-11-30,1782.0,40.43,85256.0,Monday,2015
2015-12-01,1308.0,40.58,87991.0,Tuesday,2015
2015-12-02,1560.0,39.93,88508.0,Wednesday,2015
2015-12-03,1313.0,41.08,84532.0,Thursday,2015
2015-12-04,2210.0,40.0,87033.0,Friday,2015
2015-12-05,1855.0,40.0,100637.0,Saturday,2015
2015-12-06,2348.0,40.0,100258.0,Sunday,2015
2015-12-07,1410.0,37.64,88424.0,Monday,2015
2015-12-08,1448.0,37.46,83706.0,Tuesday,2015
2015-12-09,1418.0,37.16,86615.0,Wednesday,2015
2015-12-10,1526.88,36.76,83880.0,Thursday,2015
2015-12-11,1113.0,35.65,89351.0,Friday,2015
2015-12-12,1542.0,35.65,103409.0,Saturday,2015
2015-12-13,1776.0,35.65,100875.0,Sunday,2015
2015-12-14,8547.0,36.31,88540.0,Monday,2015
2015-12-15,1872.0,37.32,89726.0,Tuesday,2015
2015-12-16,1273.0,35.55,95973.0,Wednesday,2015
2015-12-17,1179.0,34.98,98732.0,Thursday,2015
2015-12-18,1591.0,34.72,101639.0,Friday,2015
2015-12-19,2059.684,34.72,123810.0,Saturday,2015
2015-12-20,2169.0,34.72,120843.0,Sunday,2015
2015-12-21,1830.0,34.55,124711.0,Monday,2015
2015-12-22,1907.0,36.12,138921.0,Tuesday,2015
2015-12-23,2053.0,36.76,153338.0,Wednesday,2015
2015-12-24,2428.0,37.62,171169.0,Thursday,2015
2015-12-25,0.0,37.62,,Friday,2015
2015-12-26,1824.0,37.62,113594.0,Saturday,2015
2015-12-27,1507.0,37.62,93020.0,Sunday,2015
2015-12-28,1404.0,36.36,95257.0,Monday,2015
2015-12-29,1830.0,37.88,104623.0,Tuesday,2015
2015-12-30,1669.0,36.59,118947.0,Wednesday,2015
2015-12-31,2507.0,37.13,131826.0,Thursday,2015
2016-01-01,0.0,37.13,,Friday,2016
2016-01-02,1954.0,37.13,69628.0,Saturday,2016
2016-01-03,2562.0,37.13,,Sunday,2016
2016-01-04,1263.0,36.81,17829.0,Monday,2016
2016-01-05,1659.0,35.97,89018.0,Tuesday,2016
2016-01-06,1066.0,33.97,88846.0,Wednesday,2016
2016-01-07,1091.0,33.29,80412.0,Thursday,2016
2016-01-08,1197.684,33.2,83344.0,Friday,2016
2016-01-09,1841.0,33.2,100975.0,Saturday,2016
2016-01-10,2128.0,33.2,97323.0,Sunday,2016
2016-01-11,1185.0,31.42,80506.0,Monday,2016
2016-01-12,1345.0,30.42,77696.0,Tuesday,2016
2016-01-13,1216.0,30.42,76217.0,Wednesday,2016
2016-01-14,925.0,31.22,74909.0,Thursday,2016
2016-01-15,1436.0,29.45,83105.0,Friday,2016
2016-01-16,1492.0,29.45,99698.0,Saturday,2016
2016-01-17,2079.0,29.45,95155.0,Sunday,2016
2016-01-18,1347.0,29.45,81486.0,Monday,2016
2016-01-19,1115.0,28.47,76092.0,Tuesday,2016
2016-01-20,1447.0,26.68,82989.0,Wednesday,2016
2016-01-21,1234.0,29.55,74141.0,Thursday,2016
2016-01-22,957.0,32.07,79760.0,Friday,2016
2016-01-23,1921.0,32.07,95634.0,Saturday,2016
2016-01-24,1896.0,32.07,89786.0,Sunday,2016
2016-01-25,1304.0,30.31,76042.0,Monday,2016
2016-01-26,1185.0,29.54,75639.0,Tuesday,2016
2016-01-27,1039.0,32.32,76912.0,Wednesday,2016
2016-01-28,1098.0,33.21,73110.0,Thursday,2016
2016-01-29,1163.0,33.66,81081.0,Friday,2016
2016-01-30,1662.0,33.66,98201.0,Saturday,2016
2016-01-31,1606.0,33.66,95671.0,Sunday,2016
2016-02-01,1857.0,31.62,87827.0,Monday,2016
2016-02-02,1559.0,29.9,84928.0,Tuesday,2016
2016-02-03,1442.0,32.29,84704.0,Wednesday,2016
2016-02-04,1133.0,31.63,82446.0,Thursday,2016
2016-02-05,1928.0,30.86,89355.0,Friday,2016
2016-02-06,1939.0,30.86,100641.0,Saturday,2016
2016-02-07,1354.0,30.86,78884.0,Sunday,2016
2016-02-08,974.0,29.71,75047.0,Monday,2016
2016-02-09,1163.0,27.96,79222.0,Tuesday,2016
2016-02-10,1428.0,27.54,86720.0,Wednesday,2016
2016-02-11,1669.0,26.19,81444.0,Thursday,2016
2016-02-12,1190.0,29.32,87451.0,Friday,2016
2016-02-13,1294.0,29.32,101849.0,Saturday,2016
2016-02-14,1523.0,29.32,99462.0,Sunday,2016
2016-02-15,1450.0,29.32,83293.0,Monday,2016
2016-02-16,1394.0,29.05,81192.0,Tuesday,2016
2016-02-17,1187.0,30.68,80996.0,Wednesday,2016
2016-02-18,1230.0,30.77,74797.0,Thursday,2016
2016-02-19,1306.0,29.59,82564.0,Friday,2016
2016-02-20,1690.0,29.59,95533.0,Saturday,2016
2016-02-21,1719.0,29.59,91533.0,Sunday,2016
2016-02-22,1412.0,31.37,79775.0,Monday,2016
2016-02-23,1459.0,31.84,77672.0,Tuesday,2016
2016-02-24,1136.0,30.35,78364.0,Wednesday,2016
2016-02-25,1210.0,31.4,74029.0,Thursday,2016
2016-02-26,1008.0,31.65,80200.0,Friday,2016
2016-02-27,1353.0,31.65,95659.0,Saturday,2016
2016-02-28,1565.0,31.65,90059.0,Sunday,2016
2016-02-29,1382.0,32.74,80152.0,Monday,2016
2016-03-01,1800.0,34.39,87759.0,Tuesday,2016
2016-03-02,1637.0,34.57,88779.0,Wednesday,2016
2016-03-03,1163.0,34.56,79787.0,Thursday,2016
2016-03-04,1121.0,35.91,86493.0,Friday,2016
2016-03-05,1935.0,35.91,102170.0,Saturday,2016
2016-03-06,1896.0,35.91,95178.0,Sunday,2016
2016-03-07,1262.0,37.9,84681.0,Monday,2016
2016-03-08,1062.0,36.67,84111.0,Tuesday,2016
2016-03-09,1184.489,37.62,79580.0,Wednesday,2016
2016-03-10,1453.0,37.77,76879.0,Thursday,2016
2016-03-11,1254.0,38.51,82962.0,Friday,2016
2016-03-12,1438.368,38.51,97275.0,Saturday,2016
2016-03-13,1543.0,38.51,90435.0,Sunday,2016
2016-03-14,1616.0,37.2,78924.0,Monday,2016
2016-03-15,1491.0,36.32,79651.0,Tuesday,2016
2016-03-16,1373.0,38.43,81758.0,Wednesday,2016
2016-03-17,908.0,40.17,76268.0,Thursday,2016
2016-03-18,1474.0,39.47,83179.0,Friday,2016
2016-03-19,1786.0,39.47,96783.0,Saturday,2016
2016-03-20,1367.0,39.47,89769.0,Sunday,2016
2016-03-21,1613.0,39.91,81185.0,Monday,2016
2016-03-22,1069.0,41.45,77409.0,Tuesday,2016
2016-03-23,1474.0,38.28,82331.0,Wednesday,2016
2016-03-24,1241.0,38.14,86834.0,Thursday,2016
2016-03-25,1061.271,38.14,78832.0,Friday,2016
2016-03-26,1536.0,38.14,91232.0,Saturday,2016
2016-03-27,1186.0,38.14,82305.0,Sunday,2016
2016-03-28,1198.0,37.99,76647.0,Monday,2016
2016-03-29,1179.0,36.91,75782.0,Tuesday,2016
2016-03-30,968.0,36.91,75656.0,Wednesday,2016
2016-03-31,1291.0,36.94,77024.0,Thursday,2016
2016-04-01,1811.0,35.36,89055.0,Friday,2016
2016-04-02,1760.0,35.36,104451.0,Saturday,2016
2016-04-03,1650.0,35.36,103230.0,Sunday,2016
2016-04-04,1797.0,34.3,85017.0,Monday,2016
2016-04-05,1260.0,34.52,82629.0,Tuesday,2016
2016-04-06,1268.0,37.74,81402.0,Wednesday,2016
2016-04-07,1054.0,37.3,76736.0,Thursday,2016
2016-04-08,1085.0,39.74,83533.0,Friday,2016
2016-04-09,2138.0,39.74,97454.0,Saturday,2016
2016-04-10,1176.0,39.74,91977.0,Sunday,2016
2016-04-11,992.0,40.46,77860.0,Monday,2016
2016-04-12,905.0,42.12,82484.0,Tuesday,2016
2016-04-13,1276.0,41.7,79657.0,Wednesday,2016
2016-04-14,948.0,41.45,74291.0,Thursday,2016
2016-04-15,1271.0,40.4,82751.0,Friday,2016
2016-04-16,1349.0,40.4,90313.0,Saturday,2016
2016-04-17,2863.0,40.4,93018.0,Sunday,2016
2016-04-18,4171.0,39.74,103559.0,Monday,2016
2016-04-19,3022.0,40.88,99289.0,Tuesday,2016
2016-04-20,2170.0,42.72,95079.0,Wednesday,2016
2016-04-21,1921.541,43.18,85533.0,Thursday,2016
2016-04-22,1327.0,42.76,86662.0,Friday,2016
2016-04-23,1451.391,42.76,100468.0,Saturday,2016
2016-04-24,1751.0,42.76,93993.0,Sunday,2016
2016-04-25,1310.0,41.67,78301.0,Monday,2016
2016-04-26,1321.256,42.52,77218.0,Tuesday,2016
2016-04-27,1110.0,45.29,77369.0,Wednesday,2016
2016-04-28,1036.0,46.03,72957.0,Thursday,2016
2016-04-29,1690.0,45.98,82711.0,Friday,2016
2016-04-30,1909.0,45.98,102800.0,Saturday,2016
2016-05-01,1622.97,45.98,102012.0,Sunday,2016
2016-05-02,1825.0,44.75,85259.0,Monday,2016
2016-05-03,1539.0,43.65,85500.0,Tuesday,2016
2016-05-04,1246.0,43.77,86207.0,Wednesday,2016
2016-05-05,1312.0,44.33,82198.0,Thursday,2016
2016-05-06,1126.0,44.58,91159.0,Friday,2016
2016-05-07,2102.0,44.58,118222.0,Saturday,2016
2016-05-08,1532.0,44.58,97132.0,Sunday,2016
2016-05-09,1592.0,43.45,82043.0,Monday,2016
2016-05-10,1411.0,44.68,78194.0,Tuesday,2016
2016-05-11,1326.0,46.21,80761.0,Wednesday,2016
2016-05-12,1356.0,46.64,76099.0,Thursday,2016
2016-05-13,1340.0,46.22,82265.0,Friday,2016
2016-05-14,1509.0,46.22,97755.0,Saturday,2016
2016-05-15,2343.0,46.22,95910.0,Sunday,2016
2016-05-16,1507.0,47.72,81129.0,Monday,2016
2016-05-17,1219.0,48.29,78372.0,Tuesday,2016
2016-05-18,1509.0,48.12,74552.0,Wednesday,2016
2016-05-19,1135.0,48.16,74826.0,Thursday,2016
2016-05-20,993.0,47.67,84185.0,Friday,2016
2016-05-21,1488.0,47.67,97053.0,Saturday,2016
2016-05-22,2075.0,47.67,93629.0,Sunday,2016
2016-05-23,1430.0,48.12,79595.0,Monday,2016
2016-05-24,1007.639,48.04,74225.0,Tuesday,2016
2016-05-25,1097.0,49.1,75039.0,Wednesday,2016
2016-05-26,1127.12,49.0,74328.0,Thursday,2016
2016-05-27,1599.0,49.36,88580.0,Friday,2016
2016-05-28,1566.0,49.36,89086.0,Saturday,2016
2016-05-29,1973.0,49.36,87606.0,Sunday,2016
2016-05-30,1327.0,49.36,80249.0,Monday,2016
2016-05-31,2117.0,49.1,92987.0,Tuesday,2016
2016-06-01,1472.0,49.07,88574.0,Wednesday,2016
2016-06-02,1416.0,49.14,79393.0,Thursday,2016
2016-06-03,1132.0,48.69,84747.0,Friday,2016
2016-06-04,1714.0,48.69,100607.0,Saturday,2016
2016-06-05,1483.0,48.69,97418.0,Sunday,2016
2016-06-06,1675.0,49.71,80840.0,Monday,2016
2016-06-07,1650.0,50.37,78126.0,Tuesday,2016
2016-06-08,1029.0,51.23,79997.0,Wednesday,2016
2016-06-09,870.0,50.52,73785.0,Thursday,2016
2016-06-10,838.0,49.09,80306.0,Friday,2016
2016-06-11,2087.226,49.09,93473.0,Saturday,2016
2016-06-12,1821.0,49.09,89740.0,Sunday,2016
2016-06-13,963.0,48.89,76448.0,Monday,2016
2016-06-14,1043.0,48.49,75874.0,Tuesday,2016
2016-06-15,1491.436,47.92,79905.0,Wednesday,2016
2016-06-16,1261.0,46.14,80605.0,Thursday,2016
2016-06-17,1164.917,48.0,85614.0,Friday,2016
2016-06-18,1771.0,48.0,107418.0,Saturday,2016
2016-06-19,1386.0,48.0,92469.0,Sunday,2016
2016-06-20,2563.098,49.4,80226.0,Monday,2016
2016-06-21,1800.0,48.95,78278.0,Tuesday,2016
2016-06-22,1377.0,49.16,77260.0,Wednesday,2016
2016-06-23,1095.0,49.34,72356.0,Thursday,2016
2016-06-24,1207.0,46.7,78517.0,Friday,2016
2016-06-25,1403.0,46.7,91094.0,Saturday,2016
2016-06-26,1849.0,46.7,88209.0,Sunday,2016
2016-06-27,1163.0,45.8,75781.0,Monday,2016
2016-06-28,1420.0,47.93,73787.0,Tuesday,2016
2016-06-29,1337.0,49.85,76350.0,Wednesday,2016
2016-06-30,1139.0,48.27,73866.0,Thursday,2016
2016-07-01,1712.0,49.02,89711.0,Friday,2016
2016-07-02,1654.0,49.02,101902.0,Saturday,2016
2016-07-03,2005.0,49.02,96041.0,Sunday,2016
2016-07-04,1303.0,49.02,84992.0,Monday,2016
2016-07-05,1681.0,46.73,82089.0,Tuesday,2016
2016-07-06,1454.0,47.37,83135.0,Wednesday,2016
2016-07-07,1105.0,45.22,76107.0,Thursday,2016
2016-07-08,1023.0,45.37,83553.0,Friday,2016
2016-07-09,1782.0,45.37,94026.0,Saturday,2016
2016-07-10,1855.0,45.37,88752.0,Sunday,2016
2016-07-11,1439.12,44.73,78942.0,Monday,2016
2016-07-12,979.0,46.82,76267.0,Tuesday,2016
2016-07-13,1331.0,44.87,76173.0,Wednesday,2016
2016-07-14,1046.0,45.64,73094.0,Thursday,2016
2016-07-15,1198.0,45.93,82144.0,Friday,2016
2016-07-16,1625.0,45.93,94503.0,Saturday,2016
2016-07-17,1834.0,45.93,87873.0,Sunday,2016
2016-07-18,1505.0,45.23,80328.0,Monday,2016
2016-07-19,1197.0,44.64,77023.0,Tuesday,2016
2016-07-20,1081.068,44.96,81266.0,Wednesday,2016
2016-07-21,1180.0,43.96,74264.0,Thursday,2016
2016-07-22,1075.421,43.41,80531.0,Friday,2016
2016-07-23,1489.0,43.41,91301.0,Saturday,2016
2016-07-24,1139.0,43.41,85106.0,Sunday,2016
2016-07-25,1564.0,42.4,79203.0,Monday,2016
2016-07-26,1344.0,42.16,76524.0,Tuesday,2016
2016-07-27,1130.0,41.9,77731.0,Wednesday,2016
2016-07-28,827.549,41.13,71935.0,Thursday,2016
2016-07-29,1156.0,41.54,82140.0,Friday,2016
2016-07-30,1857.0,41.54,96249.0,Saturday,2016
2016-07-31,1736.0,41.54,91182.0,Sunday,2016
2016-08-01,1737.0,40.05,87637.0,Monday,2016
2016-08-02,1587.0,39.5,85044.0,Tuesday,2016
2016-08-03,1442.0,40.8,84532.0,Wednesday,2016
2016-08-04,1224.0,41.92,78516.0,Thursday,2016
2016-08-05,1206.0,41.83,84616.0,Friday,2016
2016-08-06,1690.0,41.83,93146.0,Saturday,2016
2016-08-07,1601.0,41.83,87403.0,Sunday,2016
2016-08-08,1489.0,43.06,81072.0,Monday,2016
2016-08-09,1216.0,42.78,77133.0,Tuesday,2016
2016-08-10,1265.0,41.75,79006.0,Wednesday,2016
2016-08-11,885.0,43.51,77945.0,Thursday,2016
2016-08-12,1221.0,44.47,83425.0,Friday,2016
2016-08-13,1360.0,44.47,84685.0,Saturday,2016
2016-08-14,1398.0,44.47,78472.0,Sunday,2016
2016-08-15,1657.068,45.72,81379.0,Monday,2016
2016-08-16,1663.0,46.57,81063.0,Tuesday,2016
2016-08-17,1270.0,46.81,81405.0,Wednesday,2016
2016-08-18,1041.0,48.2,75159.0,Thursday,2016
2016-08-19,1163.0,48.48,82021.0,Friday,2016
2016-08-20,1783.564,48.48,91798.0,Saturday,2016
2016-08-21,1406.0,48.48,87188.0,Sunday,2016
2016-08-22,1295.0,46.8,80624.0,Monday,2016
2016-08-23,1185.0,47.54,78531.0,Tuesday,2016
2016-08-24,1003.0,46.29,78434.0,Wednesday,2016
2016-08-25,856.0,46.97,73746.0,Thursday,2016
2016-08-26,1017.0,47.64,79541.0,Friday,2016
2016-08-27,1545.0,47.64,87841.0,Saturday,2016
2016-08-28,1987.0,47.64,83646.0,Sunday,2016
2016-08-29,1527.0,46.97,75798.0,Monday,2016
2016-08-30,1347.0,46.32,75043.0,Tuesday,2016
2016-08-31,1151.0,44.68,80262.0,Wednesday,2016
2016-09-01,2066.534,43.17,80863.0,Thursday,2016
2016-09-02,1692.0,44.39,88068.0,Friday,2016
2016-09-03,2184.263,44.39,99611.0,Saturday,2016
2016-09-04,2698.0,44.39,93135.0,Sunday,2016
2016-09-05,1411.0,44.39,83275.0,Monday,2016
2016-09-06,1503.0,44.85,83504.0,Tuesday,2016
2016-09-07,1075.0,45.47,79719.0,Wednesday,2016
2016-09-08,1200.0,47.63,75262.0,Thursday,2016
2016-09-09,1116.0,45.88,79604.0,Friday,2016
2016-09-10,1426.0,45.88,94115.0,Saturday,2016
2016-09-11,2411.0,45.88,91610.0,Sunday,2016
2016-09-12,1040.0,46.28,77125.0,Monday,2016
2016-09-13,1323.0,44.91,74032.0,Tuesday,2016
2016-09-14,1297.0,43.62,73096.0,Wednesday,2016
2016-09-15,1305.0,43.85,74741.0,Thursday,2016
2016-09-16,1422.0,43.04,80789.0,Friday,2016
2016-09-17,1717.0,43.04,94298.0,Saturday,2016
2016-09-18,1827.0,43.04,92375.0,Sunday,2016
2016-09-19,1307.0,43.34,76255.0,Monday,2016
2016-09-20,1706.0,43.85,76572.0,Tuesday,2016
2016-09-21,1070.744,45.33,76260.0,Wednesday,2016
2016-09-22,1131.0,46.1,71282.0,Thursday,2016
2016-09-23,1438.0,44.36,78422.0,Friday,2016
2016-09-24,1482.0,44.36,90980.0,Saturday,2016
2016-09-25,1505.15,44.36,87687.0,Sunday,2016
2016-09-26,1187.0,45.6,75050.0,Monday,2016
2016-09-27,957.0,44.65,68375.0,Tuesday,2016
2016-09-28,1092.0,47.07,72772.0,Wednesday,2016
2016-09-29,907.0,47.72,68972.0,Thursday,2016
2016-09-30,1633.0,47.72,79125.0,Friday,2016
2016-10-01,1707.0,47.72,103065.0,Saturday,2016
2016-10-02,2053.0,47.72,99386.0,Sunday,2016
2016-10-03,1681.0,48.8,84086.0,Monday,2016
2016-10-04,1101.0,48.67,79380.0,Tuesday,2016
2016-10-05,1369.654,49.75,79403.0,Wednesday,2016
2016-10-06,906.0,50.44,73892.0,Thursday,2016
2016-10-07,1152.0,49.76,79737.0,Friday,2016
2016-10-08,1238.278,49.76,94142.0,Saturday,2016
2016-10-09,1776.0,49.76,93562.0,Sunday,2016
2016-10-10,1591.0,49.76,77691.0,Monday,2016
2016-10-11,1539.0,50.72,73298.0,Tuesday,2016
2016-10-12,1477.0,50.14,73721.0,Wednesday,2016
2016-10-13,1021.0,50.47,70643.0,Thursday,2016
2016-10-14,1398.0,50.35,79146.0,Friday,2016
2016-10-15,1527.0,50.35,92768.0,Saturday,2016
2016-10-16,2001.0,50.35,93951.0,Sunday,2016
2016-10-17,2340.0,49.97,76614.0,Monday,2016
2016-10-18,1487.0,50.3,73632.0,Tuesday,2016
2016-10-19,1142.0,51.59,72931.0,Wednesday,2016
2016-10-20,1102.0,50.31,73196.0,Thursday,2016
2016-10-21,1276.0,50.61,78245.0,Friday,2016
2016-10-22,1155.0,50.61,89857.0,Saturday,2016
2016-10-23,2010.0,50.61,90866.0,Sunday,2016
2016-10-24,1090.0,50.18,73354.0,Monday,2016
2016-10-25,1204.0,49.45,73074.0,Tuesday,2016
2016-10-26,1349.0,48.75,72818.0,Wednesday,2016
2016-10-27,1067.0,49.71,71506.0,Thursday,2016
2016-10-28,1206.0,48.72,76876.0,Friday,2016
2016-10-29,1364.0,48.72,90428.0,Saturday,2016
2016-10-30,1357.0,48.72,88744.0,Sunday,2016
2016-10-31,1470.0,46.83,75988.0,Monday,2016
2016-11-01,1712.0,46.66,85050.0,Tuesday,2016
2016-11-02,1833.0,45.32,90454.0,Wednesday,2016
2016-11-03,1287.0,44.66,82525.0,Thursday,2016
2016-11-04,1183.0,44.07,85762.0,Friday,2016
2016-11-05,1190.0,44.07,88820.0,Saturday,2016
2016-11-06,1738.0,44.07,92150.0,Sunday,2016
2016-11-07,1171.0,44.88,83114.0,Monday,2016
2016-11-08,1467.0,44.96,79917.0,Tuesday,2016
2016-11-09,1105.0,45.2,80077.0,Wednesday,2016
2016-11-10,916.0,44.62,72768.0,Thursday,2016
2016-11-11,1047.0,43.39,78815.0,Friday,2016
2016-11-12,1536.0,43.39,92716.0,Saturday,2016
2016-11-13,1971.0,43.39,98409.0,Sunday,2016
2016-11-14,1358.0,43.29,77317.0,Monday,2016
2016-11-15,1232.0,45.86,76651.0,Tuesday,2016
2016-11-16,1857.0,45.56,81603.0,Wednesday,2016
2016-11-17,1269.0,45.37,74999.0,Thursday,2016
2016-11-18,1094.0,45.69,81854.0,Friday,2016
2016-11-19,1323.0,45.69,94791.0,Saturday,2016
2016-11-20,1713.0,45.69,96368.0,Sunday,2016
2016-11-21,1352.0,47.48,81536.0,Monday,2016
2016-11-22,1006.0,48.07,80748.0,Tuesday,2016
2016-11-23,1263.0,46.72,82390.0,Wednesday,2016
2016-11-24,1013.0,46.72,76479.0,Thursday,2016
2016-11-25,987.0,46.72,86981.0,Friday,2016
2016-11-26,1275.15,46.72,96748.0,Saturday,2016
2016-11-27,1798.0,46.72,95628.0,Sunday,2016
2016-11-28,1404.0,45.66,79717.0,Monday,2016
2016-11-29,1119.0,45.29,74449.0,Tuesday,2016
2016-11-30,1641.0,49.41,80680.0,Wednesday,2016
2016-12-01,1862.0,51.08,84647.0,Thursday,2016
2016-12-02,1692.0,51.7,86775.0,Friday,2016
2016-12-03,1800.0,51.7,102429.0,Saturday,2016
2016-12-04,2769.774,51.7,103907.0,Sunday,2016
2016-12-05,4866.0,51.72,88947.0,Monday,2016
2016-12-06,1562.0,50.95,92700.0,Tuesday,2016
2016-12-07,2136.0,49.85,88699.0,Wednesday,2016
2016-12-08,1462.0,50.84,82550.0,Thursday,2016
2016-12-09,1196.0,51.51,90723.0,Friday,2016
2016-12-10,1497.0,51.51,100618.0,Saturday,2016
2016-12-11,2638.0,51.51,101077.0,Sunday,2016
2016-12-12,1889.0,52.74,86093.0,Monday,2016
2016-12-13,1012.977,52.99,85927.0,Tuesday,2016
2016-12-14,3526.0,51.01,89417.0,Wednesday,2016
2016-12-15,1736.0,50.9,91525.0,Thursday,2016
2016-12-16,1704.0,51.93,99717.0,Friday,2016
2016-12-17,1670.0,51.93,114465.0,Saturday,2016
2016-12-18,2128.0,51.93,116289.0,Sunday,2016
2016-12-19,1636.0,52.13,106760.0,Monday,2016
2016-12-20,2361.0,52.22,116392.0,Tuesday,2016
2016-12-21,2011.0,51.44,132060.0,Wednesday,2016
2016-12-22,2413.0,51.98,138892.0,Thursday,2016
2016-12-23,2198.662,52.01,156932.0,Friday,2016
2016-12-24,2364.0,52.01,167542.0,Saturday,2016
2016-12-25,0.0,52.01,,Sunday,2016
2016-12-26,1899.0,52.01,105524.0,Monday,2016
2016-12-27,1244.0,52.82,95643.0,Tuesday,2016
2016-12-28,1800.0,54.01,103717.0,Wednesday,2016
2016-12-29,1715.0,53.8,102665.0,Thursday,2016
2016-12-30,2275.0,53.75,127771.0,Friday,2016
2016-12-31,2644.0,53.75,135568.0,Saturday,2016
2017-01-01,0.0,53.75,1642.0,Sunday,2017
2017-01-02,2506.782,53.75,107718.0,Monday,2017
2017-01-03,2046.0,52.36,97185.0,Tuesday,2017
2017-01-04,1901.0,53.26,91527.0,Wednesday,2017
2017-01-05,1595.0,53.77,84930.0,Thursday,2017
2017-01-06,1278.0,53.98,89963.0,Friday,2017
2017-01-07,1522.0,53.98,102954.0,Saturday,2017
2017-01-08,2659.0,53.98,96784.0,Sunday,2017
2017-01-09,1245.0,51.95,82111.0,Monday,2017
2017-01-10,1343.0,50.82,79932.0,Tuesday,2017
2017-01-11,1356.0,52.19,80692.0,Wednesday,2017
2017-01-12,1118.0,53.01,75691.0,Thursday,2017
2017-01-13,1334.0,52.36,84068.0,Friday,2017
2017-01-14,1752.0,52.36,99921.0,Saturday,2017
2017-01-15,1822.0,52.36,97107.0,Sunday,2017
2017-01-16,1372.0,52.36,84038.0,Monday,2017
2017-01-17,1547.0,52.45,80093.0,Tuesday,2017
2017-01-18,1392.0,51.12,80984.0,Wednesday,2017
2017-01-19,1004.0,51.39,74388.0,Thursday,2017
2017-01-20,1594.0,52.33,78949.0,Friday,2017
2017-01-21,1482.0,52.33,101813.0,Saturday,2017
2017-01-22,1610.0,52.33,96999.0,Sunday,2017
2017-01-23,1464.0,52.77,83426.0,Monday,2017
2017-01-24,1124.0,52.38,79149.0,Tuesday,2017
2017-01-25,1100.0,52.14,79315.0,Wednesday,2017
2017-01-26,885.0,53.24,72551.0,Thursday,2017
2017-01-27,1064.534,53.18,82681.0,Friday,2017
2017-01-28,1538.0,53.18,97396.0,Saturday,2017
2017-01-29,1556.0,53.18,91697.0,Sunday,2017
2017-01-30,1215.0,52.63,75086.0,Monday,2017
2017-01-31,1396.0,52.75,82058.0,Tuesday,2017
2017-02-01,2043.0,53.9,87964.0,Wednesday,2017
2017-02-02,1506.0,53.55,83067.0,Thursday,2017
2017-02-03,1444.0,53.81,88575.0,Friday,2017
2017-02-04,1777.0,53.81,105312.0,Saturday,2017
2017-02-05,2130.0,53.81,97630.0,Sunday,2017
2017-02-06,1561.0,53.01,84557.0,Monday,2017
2017-02-07,1535.0,52.19,83402.0,Tuesday,2017
2017-02-08,1186.0,52.37,83891.0,Wednesday,2017
2017-02-09,872.6469999999999,52.99,77382.0,Thursday,2017
2017-02-10,1313.0,53.84,86359.0,Friday,2017
2017-02-11,1638.0,53.84,97213.0,Saturday,2017
2017-02-12,1811.0,53.84,93429.0,Sunday,2017
2017-02-13,1359.0,52.96,93688.0,Monday,2017
2017-02-14,1119.0,53.21,99371.0,Tuesday,2017
2017-02-15,1161.0,53.11,80501.0,Wednesday,2017
2017-02-16,1083.0,53.41,77887.0,Thursday,2017
2017-02-17,1271.617,53.41,84398.0,Friday,2017
2017-02-18,1618.0,53.41,101410.0,Saturday,2017
2017-02-19,1507.0,53.41,81949.0,Sunday,2017
2017-02-20,1499.0,53.41,79470.0,Monday,2017
2017-02-21,1549.0,54.02,79807.0,Tuesday,2017
2017-02-22,1025.0,53.61,79788.0,Wednesday,2017
2017-02-23,1170.0,54.48,82795.0,Thursday,2017
2017-02-24,1643.0,53.99,89170.0,Friday,2017
2017-02-25,1885.0,53.99,101255.0,Saturday,2017
2017-02-26,1987.0,53.99,80860.0,Sunday,2017
2017-02-27,1349.0,54.04,79336.0,Monday,2017
2017-02-28,1418.0,54.0,87904.0,Tuesday,2017
2017-03-01,1863.0,53.82,89799.0,Wednesday,2017
2017-03-02,1241.0,52.63,86294.0,Thursday,2017
2017-03-03,1273.0,53.33,89211.0,Friday,2017
2017-03-04,1519.0,53.33,103055.0,Saturday,2017
2017-03-05,1772.0,53.33,97988.0,Sunday,2017
2017-03-06,1391.0,53.19,82584.0,Monday,2017
2017-03-07,1094.0,52.68,82315.0,Tuesday,2017
2017-03-08,1128.0,49.83,86740.0,Wednesday,2017
2017-03-09,1078.0,48.75,76926.0,Thursday,2017
2017-03-10,1690.0,48.05,84691.0,Friday,2017
2017-03-11,1722.0,48.05,97521.0,Saturday,2017
2017-03-12,2008.0,48.05,95842.0,Sunday,2017
2017-03-13,1386.0,47.95,79887.0,Monday,2017
2017-03-14,1296.0,47.24,78200.0,Tuesday,2017
2017-03-15,1309.0,48.34,84574.0,Wednesday,2017
2017-03-16,1454.0,48.3,79030.0,Thursday,2017
2017-03-17,1597.0,48.34,87303.0,Friday,2017
2017-03-18,1785.0,48.34,99094.0,Saturday,2017
2017-03-19,1732.0,48.34,96738.0,Sunday,2017
2017-03-20,1544.0,47.79,85005.0,Monday,2017
2017-03-21,1600.0,47.02,81716.0,Tuesday,2017
2017-03-22,1180.0,47.29,80140.0,Wednesday,2017
2017-03-23,1210.0,47.0,77989.0,Thursday,2017
2017-03-24,1391.0,47.3,83314.0,Friday,2017
2017-03-25,1955.0,47.3,99235.0,Saturday,2017
2017-03-26,1648.97,47.3,92660.0,Sunday,2017
2017-03-27,1285.0,47.02,80872.0,Monday,2017
2017-03-28,1219.654,48.36,77666.0,Tuesday,2017
2017-03-29,1902.0,49.47,81918.0,Wednesday,2017
2017-03-30,1130.0,50.3,75304.0,Thursday,2017
2017-03-31,1493.0,50.54,87034.0,Friday,2017
2017-04-01,2269.0,50.54,113083.0,Saturday,2017
2017-04-02,1793.0,50.54,94696.0,Sunday,2017
2017-04-03,1579.0,50.25,81294.0,Monday,2017
2017-04-04,1757.0,50.99,84872.0,Tuesday,2017
2017-04-05,1529.0,51.14,85255.0,Wednesday,2017
2017-04-06,1564.0,51.69,80775.0,Thursday,2017
2017-04-07,1338.0,52.25,85781.0,Friday,2017
2017-04-08,1331.0,52.25,98033.0,Saturday,2017
2017-04-09,1613.0,52.25,94617.0,Sunday,2017
2017-04-10,1393.0,53.06,81868.0,Monday,2017
2017-04-11,1510.0,53.38,84105.0,Tuesday,2017
2017-04-12,1463.0,53.12,84052.0,Wednesday,2017
2017-04-13,1348.0,53.19,90752.0,Thursday,2017
2017-04-14,1670.195,53.19,86517.0,Friday,2017
2017-04-15,1599.0,53.19,97165.0,Saturday,2017
2017-04-16,1411.0,53.19,90664.0,Sunday,2017
2017-04-17,1583.0,52.62,83043.0,Monday,2017
2017-04-18,1674.789,52.46,80334.0,Tuesday,2017
2017-04-19,1147.0,50.49,78999.0,Wednesday,2017
2017-04-20,1121.0,50.26,82905.0,Thursday,2017
2017-04-21,1906.0,49.64,90055.0,Friday,2017
2017-04-22,1486.0,49.64,101125.0,Saturday,2017
2017-04-23,2108.0,49.64,101186.0,Sunday,2017
2017-04-24,1518.0,48.9,81901.0,Monday,2017
2017-04-25,1669.0,49.22,82193.0,Tuesday,2017
2017-04-26,1649.0,49.22,84709.0,Wednesday,2017
2017-04-27,1022.0,48.96,78971.0,Thursday,2017
2017-04-28,1304.0,49.31,87474.0,Friday,2017
2017-04-29,2051.0,49.31,104870.0,Saturday,2017
2017-04-30,1638.0,49.31,96514.0,Sunday,2017
2017-05-01,2128.0,48.83,106440.0,Monday,2017
2017-05-02,1715.0,47.65,88668.0,Tuesday,2017
2017-05-03,2327.0,47.79,89713.0,Wednesday,2017
2017-05-04,1069.0,45.55,81957.0,Thursday,2017
2017-05-05,1239.0,46.23,85333.0,Friday,2017
2017-05-06,1891.0,46.23,104203.0,Saturday,2017
2017-05-07,3125.0,46.23,103210.0,Sunday,2017
2017-05-08,1622.0,46.46,84221.0,Monday,2017
2017-05-09,1818.0,45.84,82345.0,Tuesday,2017
2017-05-10,1092.0,47.28,83637.0,Wednesday,2017
2017-05-11,1007.0,47.81,81476.0,Thursday,2017
2017-05-12,1504.0,47.83,91482.0,Friday,2017
2017-05-13,1725.0,47.83,121889.0,Saturday,2017
2017-05-14,2031.0,47.83,101257.0,Sunday,2017
2017-05-15,1406.0,48.86,83716.0,Monday,2017
2017-05-16,1421.0,48.64,85528.0,Tuesday,2017
2017-05-17,1685.0,49.04,85560.0,Wednesday,2017
2017-05-18,948.0,49.36,77561.0,Thursday,2017
2017-05-19,1418.0,50.32,86286.0,Friday,2017
2017-05-20,1787.0,50.32,101709.0,Saturday,2017
2017-05-21,2335.0,50.32,101626.0,Sunday,2017
2017-05-22,1319.0,50.81,84049.0,Monday,2017
2017-05-23,1179.0,51.12,82008.0,Tuesday,2017
2017-05-24,1083.0,50.99,81879.0,Wednesday,2017
2017-05-25,900.0,48.57,78501.0,Thursday,2017
2017-05-26,5551.0,49.58,96455.0,Friday,2017
2017-05-27,1515.0,49.58,96509.0,Saturday,2017
2017-05-28,1379.0,49.58,94970.0,Sunday,2017
2017-05-29,2379.0,49.58,83121.0,Monday,2017
2017-05-30,1270.0,49.63,83210.0,Tuesday,2017
2017-05-31,1523.0,48.29,93365.0,Wednesday,2017
2017-06-01,1465.0,48.32,90171.0,Thursday,2017
2017-06-02,1255.0,47.68,91840.0,Friday,2017
2017-06-03,2171.648,47.68,106965.0,Saturday,2017
2017-06-04,1969.0,47.68,106972.0,Sunday,2017
2017-06-05,1536.0,47.4,88273.0,Monday,2017
2017-06-06,1115.0,48.13,84447.0,Tuesday,2017
2017-06-07,1232.438,45.8,85758.0,Wednesday,2017
2017-06-08,974.0,45.68,78500.0,Thursday,2017
2017-06-09,1594.0,45.82,87431.0,Friday,2017
2017-06-10,1364.0,45.82,99716.0,Saturday,2017
2017-06-11,2165.0,45.82,100856.0,Sunday,2017
2017-06-12,1340.0,46.1,81080.0,Monday,2017
2017-06-13,1293.0,46.41,81063.0,Tuesday,2017
2017-06-14,1232.0,44.79,82752.0,Wednesday,2017
2017-06-15,1144.0,44.47,81831.0,Thursday,2017
2017-06-16,1444.0,44.73,92852.0,Friday,2017
2017-06-17,1610.0,44.73,114201.0,Saturday,2017
2017-06-18,1987.0,44.73,99193.0,Sunday,2017
2017-06-19,1494.0,44.24,82891.0,Monday,2017
2017-06-20,1571.0,43.34,83508.0,Tuesday,2017
2017-06-21,1288.0,42.48,82929.0,Wednesday,2017
2017-06-22,1140.0,42.53,77639.0,Thursday,2017
2017-06-23,1294.0,42.86,86346.0,Friday,2017
2017-06-24,2493.0,42.86,99057.0,Saturday,2017
2017-06-25,2000.0,42.86,95082.0,Sunday,2017
2017-06-26,1167.0,43.24,81443.0,Monday,2017
2017-06-27,1169.188,44.25,79226.0,Tuesday,2017
2017-06-28,1155.0,44.74,80551.0,Wednesday,2017
2017-06-29,1158.0,44.88,77922.0,Thursday,2017
2017-06-30,1568.0,46.02,88368.0,Friday,2017
2017-07-01,2250.086,46.02,108993.0,Saturday,2017
2017-07-02,2550.0,46.02,104392.0,Sunday,2017
2017-07-03,1638.0,46.02,90976.0,Monday,2017
2017-07-04,1442.273,46.02,89109.0,Tuesday,2017
2017-07-05,1216.0,45.11,89085.0,Wednesday,2017
2017-07-06,1427.0,45.52,82927.0,Thursday,2017
2017-07-07,988.0,44.25,89467.0,Friday,2017
2017-07-08,1601.0,44.25,101349.0,Saturday,2017
2017-07-09,1861.0,44.25,97757.0,Sunday,2017
2017-07-10,4893.0,44.4,85547.0,Monday,2017
2017-07-11,1455.0,45.06,83071.0,Tuesday,2017
2017-07-12,1251.328,45.48,84155.0,Wednesday,2017
2017-07-13,997.0,46.06,78720.0,Thursday,2017
2017-07-14,1626.0,46.53,87671.0,Friday,2017
2017-07-15,1540.0,46.53,100293.0,Saturday,2017
2017-07-16,2181.0,46.53,96119.0,Sunday,2017
2017-07-17,1271.0,46.02,85477.0,Monday,2017
2017-07-18,1360.0,46.4,82267.0,Tuesday,2017
2017-07-19,916.0,47.1,83265.0,Wednesday,2017
2017-07-20,1200.0,46.73,82423.0,Thursday,2017
2017-07-21,1202.0,45.78,88613.0,Friday,2017
2017-07-22,1363.0,45.78,97358.0,Saturday,2017
2017-07-23,1901.0,45.78,94170.0,Sunday,2017
2017-07-24,1990.0,46.21,85120.0,Monday,2017
2017-07-25,1459.0,47.77,81930.0,Tuesday,2017
2017-07-26,1121.0,48.58,82113.0,Wednesday,2017
2017-07-27,1183.0,49.05,78743.0,Thursday,2017
2017-07-28,1461.0,49.72,89197.0,Friday,2017
2017-07-29,1975.0,49.72,100227.0,Saturday,2017
2017-07-30,1796.445,49.72,94899.0,Sunday,2017
2017-07-31,1649.0,50.21,88593.0,Monday,2017
2017-08-01,1566.0,49.19,92083.0,Tuesday,2017
2017-08-02,1642.0,49.6,93023.0,Wednesday,2017
2017-08-03,1564.273,49.03,85521.0,Thursday,2017
2017-08-04,1219.0,49.57,91305.0,Friday,2017
2017-08-05,1481.0,49.57,101108.0,Saturday,2017
2017-08-06,1989.0,49.57,96162.0,Sunday,2017
2017-08-07,1217.0,49.37,87072.0,Monday,2017
2017-08-08,1165.0,49.07,83422.0,Tuesday,2017
2017-08-09,1194.0,49.59,85452.0,Wednesday,2017
2017-08-10,1272.0,48.54,83064.0,Thursday,2017
2017-08-11,1458.0,48.81,89551.0,Friday,2017
2017-08-12,2821.0,48.81,89927.0,Saturday,2017
2017-08-13,1484.0,48.81,85993.0,Sunday,2017
2017-08-14,1516.0,47.59,85448.0,Monday,2017
2017-08-15,2123.0,47.57,86561.0,Tuesday,2017
